Workbook

Sheet Sheet3
A1: type
A3: Row Labels
A4: Allen Parish Public Safety Complex
A5: Alvarado Parkway Institute
A6: Atlanta U.S. Penitentiary
A7: B.R.R.J. Halifax
A8: Bay County
A9: Bi Incororated, Geo Group Company
A10: Broward Transitional Center
A11: C.B.P. Movement Coordination Area
A12: Calhomi Calhoun County, Battle Cr,Mi
A13: California Men Colony, West
... A50: Grand Total

Sheet Sheet1
J1: =SUM(J3:J651)/SUM(H3:H651) -> 0.90337409
A2: detention_facility_first | B2: cleaned_facility_name | C2: facility_code | D2: state | E2: city | F2: COUNTY | G2: type | H2: count | I2: covered? | J2: covered?
A3: ADAMS COUNTY CORRECTIONAL CENTER | B3: Alexandria Staging Facility | C3: JENATLA | D3: LA | E3: Alexandria | G3: {=_xlfn.IFS( ISNUMBER(SEARCH("hold",C3)),"hold", ISNUMBER(SEARCH("youth",C3)),"youth", ISNUMBER(SEARCH("juve",C3)),"youth", OR(ISNUMBER(SEARCH("health",B3)),ISNUMBER(SEARCH("care ",B3)),ISNUMBER(SEARCH("psych",B3)),ISNUMBER(SEARCH("medical",B3)),ISNUMBER(SEARCH("hospital",B3))),"medical", ISNUMBER(SEARCH("correct",B3)),"correctional", ISNUMBER(SEARCH("process",B3)),"processing", ISNUMBER(SEARCH("detention center",B3)),"detention", ISNUMBER(SEARCH("detention fac",B3)),"detention", ISNUMBER(SEARCH("staging",B3)),"staging", ISNUMBER(SEARCH("prison",B3)),"prison", ISNUMBER(SEARCH("penet",B3)),"prison", ISNUMBER(SEARCH("jail",B3)),"jail", ISNUMBER(SEARCH("detention",B3)),"detention", ISNUMBER(SEARCH("sheriff",B3)),"sheriff/police", ISNUMBER(SEARCH("police",B3)),"sheriff/police", TRUE,"" )} -> staging | H3: =INDEX(Sheet2!B:B,MATCH(C3,Sheet2!A:A,0),1) -> 84941 | I3: =3-COUNTBLANK(D3:F3) -> 2 | J3: =IF(I3>=2,H3,0) -> 84941
A4: ADELANTO ICE PROCESSING CENTER | B4: Port Isabel Service Processing Center | C4: PIC | D4: TX | E4: Los Fresnos | G4: {=_xlfn.IFS( ISNUMBER(SEARCH("hold",C4)),"hold", ISNUMBER(SEARCH("youth",C4)),"youth", ISNUMBER(SEARCH("juve",C4)),"youth", OR(ISNUMBER(SEARCH("health",B4)),ISNUMBER(SEARCH("care ",B4)),ISNUMBER(SEARCH("psych",B4)),ISNUMBER(SEARCH("medical",B4)),ISNUMBER(SEARCH("hospital",B4))),"medical", ISNUMBER(SEARCH("correct",B4)),"correctional", ISNUMBER(SEARCH("process",B4)),"processing", ISNUMBER(SEARCH("detention center",B4)),"detention", ISNUMBER(SEARCH("detention fac",B4)),"detention", ISNUMBER(SEARCH("staging",B4)),"staging", ISNUMBER(SEARCH("prison",B4)),"prison", ISNUMBER(SEARCH("penet",B4)),"prison", ISNUMBER(SEARCH("jail",B4)),"jail", ISNUMBER(SEARCH("detention",B4)),"detention", ISNUMBER(SEARCH("sheriff",B4)),"sheriff/police", ISNUMBER(SEARCH("police",B4)),"sheriff/police", TRUE,"" )} -> processing | H4: =INDEX(Sheet2!B:B,MATCH(C4,Sheet2!A:A,0),1) -> 66973 | I4: =3-COUNTBLANK(D4:F4) -> 2 | J4: =IF(I4>=2,H4,0) -> 66973
A5: AGUADILLA SPC | B5: Florence Staging Facility | C5: FSF | D5: AZ | E5: Florence | G5: {=_xlfn.IFS( ISNUMBER(SEARCH("hold",C5)),"hold", ISNUMBER(SEARCH("youth",C5)),"youth", ISNUMBER(SEARCH("juve",C5)),"youth", OR(ISNUMBER(SEARCH("health",B5)),ISNUMBER(SEARCH("care ",B5)),ISNUMBER(SEARCH("psych",B5)),ISNUMBER(SEARCH("medical",B5)),ISNUMBER(SEARCH("hospital",B5))),"medical", ISNUMBER(SEARCH("correct",B5)),"correctional", ISNUMBER(SEARCH("process",B5)),"processing", ISNUMBER(SEARCH("detention center",B5)),"detention", ISNUMBER(SEARCH("detention fac",B5)),"detention", ISNUMBER(SEARCH("staging",B5)),"staging", ISNUMBER(SEARCH("prison",B5)),"prison", ISNUMBER(SEARCH("penet",B5)),"prison", ISNUMBER(SEARCH("jail",B5)),"jail", ISNUMBER(SEARCH("detention",B5)),"detention", ISNUMBER(SEARCH("sheriff",B5)),"sheriff/police", ISNUMBER(SEARCH("police",B5)),"sheriff/police", TRUE,"" )} -> staging | H5: =INDEX(Sheet2!B:B,MATCH(C5,Sheet2!A:A,0),1) -> 65977 | I5: =3-COUNTBLANK(D5:F5) -> 2 | J5: =IF(I5>=2,H5,0) -> 65977
A6: ALAMANCE CO. DET. FACILITY | B6: Pine Prairie I.C.E. Processing Center | C6: PINEPLA | D6: LA | E6: Pine Prairie | G6: {=_xlfn.IFS( ISNUMBER(SEARCH("hold",C6)),"hold", ISNUMBER(SEARCH("youth",C6)),"youth", ISNUMBER(SEARCH("juve",C6)),"youth", OR(ISNUMBER(SEARCH("health",B6)),ISNUMBER(SEARCH("care ",B6)),ISNUMBER(SEARCH("psych",B6)),ISNUMBER(SEARCH("medical",B6)),ISNUMBER(SEARCH("hospital",B6))),"medical", ISNUMBER(SEARCH("correct",B6)),"correctional", ISNUMBER(SEARCH("process",B6)),"processing", ISNUMBER(SEARCH("detention center",B6)),"detention", ISNUMBER(SEARCH("detention fac",B6)),"detention", ISNUMBER(SEARCH("staging",B6)),"staging", ISNUMBER(SEARCH("prison",B6)),"prison", ISNUMBER(SEARCH("penet",B6)),"prison", ISNUMBER(SEARCH("jail",B6)),"jail", ISNUMBER(SEARCH("detention",B6)),"detention", ISNUMBER(SEARCH("sheriff",B6)),"sheriff/police", ISNUMBER(SEARCH("police",B6)),"sheriff/police", TRUE,"" )} -> processing | H6: =INDEX(Sheet2!B:B,MATCH(C6,Sheet2!A:A,0),1) -> 35285 | I6: =3-COUNTBLANK(D6:F6) -> 2 | J6: =IF(I6>=2,H6,0) -> 35285
A7: ALAMO POLICE DEPT. | B7: Montgomery Processing Center | C7: MTGPCTX | D7: TX | E7: Conroe | F7: Montgomery | G7: {=_xlfn.IFS( ISNUMBER(SEARCH("hold",C7)),"hold", ISNUMBER(SEARCH("youth",C7)),"youth", ISNUMBER(SEARCH("juve",C7)),"youth", OR(ISNUMBER(SEARCH("health",B7)),ISNUMBER(SEARCH("care ",B7)),ISNUMBER(SEARCH("psych",B7)),ISNUMBER(SEARCH("medical",B7)),ISNUMBER(SEARCH("hospital",B7))),"medical", ISNUMBER(SEARCH("correct",B7)),"correctional", ISNUMBER(SEARCH("process",B7)),"processing", ISNUMBER(SEARCH("detention center",B7)),"detention", ISNUMBER(SEARCH("detention fac",B7)),"detention", ISNUMBER(SEARCH("staging",B7)),"staging", ISNUMBER(SEARCH("prison",B7)),"prison", ISNUMBER(SEARCH("penet",B7)),"prison", ISNUMBER(SEARCH("jail",B7)),"jail", ISNUMBER(SEARCH("detention",B7)),"detention", ISNUMBER(SEARCH("sheriff",B7)),"sheriff/police", ISNUMBER(SEARCH("police",B7)),"sheriff/police", TRUE,"" )} -> processing | H7: =INDEX(Sheet2!B:B,MATCH(C7,Sheet2!A:A,0),1) -> 32270 | I7: =3-COUNTBLANK(D7:F7) -> 3 | J7: =IF(I7>=2,H7,0) -> 32270
A8: ALAMOSA HOLDROOM | B8: Eloy Fed Center Facility (Corrections Corporation of America) | C8: EAZ | D8: AZ | E8: Eloy | G8: {=_xlfn.IFS( ISNUMBER(SEARCH("hold",C8)),"hold", ISNUMBER(SEARCH("youth",C8)),"youth", ISNUMBER(SEARCH("juve",C8)),"youth", OR(ISNUMBER(SEARCH("health",B8)),ISNUMBER(SEARCH("care ",B8)),ISNUMBER(SEARCH("psych",B8)),ISNUMBER(SEARCH("medical",B8)),ISNUMBER(SEARCH("hospital",B8))),"medical", ISNUMBER(SEARCH("correct",B8)),"correctional", ISNUMBER(SEARCH("process",B8)),"processing", ISNUMBER(SEARCH("detention center",B8)),"detention", ISNUMBER(SEARCH("detention fac",B8)),"detention", ISNUMBER(SEARCH("staging",B8)),"staging", ISNUMBER(SEARCH("prison",B8)),"prison", ISNUMBER(SEARCH("penet",B8)),"prison", ISNUMBER(SEARCH("jail",B8)),"jail", ISNUMBER(SEARCH("detention",B8)),"detention", ISNUMBER(SEARCH("sheriff",B8)),"sheriff/police", ISNUMBER(SEARCH("police",B8)),"sheriff/police", TRUE,"" )} -> correctional | H8: =INDEX(Sheet2!B:B,MATCH(C8,Sheet2!A:A,0),1) -> 28159 | I8: =3-COUNTBLANK(D8:F8) -> 2 | J8: =IF(I8>=2,H8,0) -> 28159
A9: ALBANY HOLDROOM | B9: Otay Mesa Detention Center | C9: CCASDCA | D9: CA | E9: San Diego | G9: {=_xlfn.IFS( ISNUMBER(SEARCH("hold",C9)),"hold", ISNUMBER(SEARCH("youth",C9)),"youth", ISNUMBER(SEARCH("juve",C9)),"youth", OR(ISNUMBER(SEARCH("health",B9)),ISNUMBER(SEARCH("care ",B9)),ISNUMBER(SEARCH("psych",B9)),ISNUMBER(SEARCH("medical",B9)),ISNUMBER(SEARCH("hospital",B9))),"medical", ISNUMBER(SEARCH("correct",B9)),"correctional", ISNUMBER(SEARCH("process",B9)),"processing", ISNUMBER(SEARCH("detention center",B9)),"detention", ISNUMBER(SEARCH("detention fac",B9)),"detention", ISNUMBER(SEARCH("staging",B9)),"staging", ISNUMBER(SEARCH("prison",B9)),"prison", ISNUMBER(SEARCH("penet",B9)),"prison", ISNUMBER(SEARCH("jail",B9)),"jail", ISNUMBER(SEARCH("detention",B9)),"detention", ISNUMBER(SEARCH("sheriff",B9)),"sheriff/police", ISNUMBER(SEARCH("police",B9)),"sheriff/police", TRUE,"" )} -> detention | H9: =INDEX(Sheet2!B:B,MATCH(C9,Sheet2!A:A,0),1) -> 27619 | I9: =3-COUNTBLANK(D9:F9) -> 2 | J9: =IF(I9>=2,H9,0) -> 27619
A10: ALBUQUERQUE HOLD ROOM | B10: South Texas I.C.E. Processing Center | C10: STCDFTX | D10: TX | E10: Pearsall | G10: {=_xlfn.IFS( ISNUMBER(SEARCH("hold",C10)),"hold", ISNUMBER(SEARCH("youth",C10)),"youth", ISNUMBER(SEARCH("juve",C10)),"youth", OR(ISNUMBER(SEARCH("health",B10)),ISNUMBER(SEARCH("care ",B10)),ISNUMBER(SEARCH("psych",B10)),ISNUMBER(SEARCH("medical",B10)),ISNUMBER(SEARCH("hospital",B10))),"medical", ISNUMBER(SEARCH("correct",B10)),"correctional", ISNUMBER(SEARCH("process",B10)),"processing", ISNUMBER(SEARCH("detention center",B10)),"detention", ISNUMBER(SEARCH("detention fac",B10)),"detention", ISNUMBER(SEARCH("staging",B10)),"staging", ISNUMBER(SEARCH("prison",B10)),"prison", ISNUMBER(SEARCH("penet",B10)),"prison", ISNUMBER(SEARCH("jail",B10)),"jail", ISNUMBER(SEARCH("detention",B10)),"detention", ISNUMBER(SEARCH("sheriff",B10)),"sheriff/police", ISNUMBER(SEARCH("police",B10)),"sheriff/police", TRUE,"" )} -> processing | H10: =INDEX(Sheet2!B:B,MATCH(C10,Sheet2!A:A,0),1) -> 27318 | I10: =3-COUNTBLANK(D10:F10) -> 2 | J10: =IF(I10>=2,H10,0) -> 27318
A11: ALEXANDRIA CITY JAIL | B11: Stewart Detention Center | C11: STWRTGA | D11: GA | E11: Lumpkin | G11: {=_xlfn.IFS( ISNUMBER(SEARCH("hold",C11)),"hold", ISNUMBER(SEARCH("youth",C11)),"youth", ISNUMBER(SEARCH("juve",C11)),"youth", OR(ISNUMBER(SEARCH("health",B11)),ISNUMBER(SEARCH("care ",B11)),ISNUMBER(SEARCH("psych",B11)),ISNUMBER(SEARCH("medical",B11)),ISNUMBER(SEARCH("hospital",B11))),"medical", ISNUMBER(SEARCH("correct",B11)),"correctional", ISNUMBER(SEARCH("process",B11)),"processing", ISNUMBER(SEARCH("detention center",B11)),"detention", ISNUMBER(SEARCH("detention fac",B11)),"detention", ISNUMBER(SEARCH("staging",B11)),"staging", ISNUMBER(SEARCH("prison",B11)),"prison", ISNUMBER(SEARCH("penet",B11)),"prison", ISNUMBER(SEARCH("jail",B11)),"jail", ISNUMBER(SEARCH("detention",B11)),"detention", ISNUMBER(SEARCH("sheriff",B11)),"sheriff/police", ISNUMBER(SEARCH("police",B11)),"sheriff/police", TRUE,"" )} -> detention | H11: =INDEX(Sheet2!B:B,MATCH(C11,Sheet2!A:A,0),1) -> 26209 | I11: =3-COUNTBLANK(D11:F11) -> 2 | J11: =IF(I11>=2,H11,0) -> 26209
A12: ALEXANDRIA STAGING FACILITY | B12: Winn Correctional Center | C12: LAWINCI | D12: LA | E12: Winnfield | G12: {=_xlfn.IFS( ISNUMBER(SEARCH("hold",C12)),"hold", ISNUMBER(SEARCH("youth",C12)),"youth", ISNUMBER(SEARCH("juve",C12)),"youth", OR(ISNUMBER(SEARCH("health",B12)),ISNUMBER(SEARCH("care ",B12)),ISNUMBER(SEARCH("psych",B12)),ISNUMBER(SEARCH("medical",B12)),ISNUMBER(SEARCH("hospital",B12))),"medical", ISNUMBER(SEARCH("correct",B12)),"correctional", ISNUMBER(SEARCH("process",B12)),"processing", ISNUMBER(SEARCH("detention center",B12)),"detention", ISNUMBER(SEARCH("detention fac",B12)),"detention", ISNUMBER(SEARCH("staging",B12)),"staging", ISNUMBER(SEARCH("prison",B12)),"prison", ISNUMBER(SEARCH("penet",B12)),"prison", ISNUMBER(SEARCH("jail",B12)),"jail", ISNUMBER(SEARCH("detention",B12)),"detention", ISNUMBER(SEARCH("sheriff",B12)),"sheriff/police", ISNUMBER(SEARCH("police",B12)),"sheriff/police", TRUE,"" )} -> correctional | H12: =INDEX(Sheet2!B:B,MATCH(C12,Sheet2!A:A,0),1) -> 25935 | I12: =3-COUNTBLANK(D12:F12) -> 2 | J12: =IF(I12>=2,H12,0) -> 25935
A13: ALLEGANY COUNTY JAIL | B13: Florence Service Processing Center | C13: FLO | D13: AZ | E13: Florence | G13: {=_xlfn.IFS( ISNUMBER(SEARCH("hold",C13)),"hold", ISNUMBER(SEARCH("youth",C13)),"youth", ISNUMBER(SEARCH("juve",C13)),"youth", OR(ISNUMBER(SEARCH("health",B13)),ISNUMBER(SEARCH("care ",B13)),ISNUMBER(SEARCH("psych",B13)),ISNUMBER(SEARCH("medical",B13)),ISNUMBER(SEARCH("hospital",B13))),"medical", ISNUMBER(SEARCH("correct",B13)),"correctional", ISNUMBER(SEARCH("process",B13)),"processing", ISNUMBER(SEARCH("detention center",B13)),"detention", ISNUMBER(SEARCH("detention fac",B13)),"detention", ISNUMBER(SEARCH("staging",B13)),"staging", ISNUMBER(SEARCH("prison",B13)),"prison", ISNUMBER(SEARCH("penet",B13)),"prison", ISNUMBER(SEARCH("jail",B13)),"jail", ISNUMBER(SEARCH("detention",B13)),"detention", ISNUMBER(SEARCH("sheriff",B13)),"sheriff/police", ISNUMBER(SEARCH("police",B13)),"sheriff/police", TRUE,"" )} -> processing | H13: =INDEX(Sheet2!B:B,MATCH(C13,Sheet2!A:A,0),1) -> 25888 | I13: =3-COUNTBLANK(D13:F13) -> 2 | J13: =IF(I13>=2,H13,0) -> 25888
A14: ALLEN PARISH PUBLIC SAFETY COMPLEX | B14: Adams County Correctional Center | C14: ADAMSMS | D14: MS | E14: Natchez | F14: Adams | G14: {=_xlfn.IFS( ISNUMBER(SEARCH("hold",C14)),"hold", ISNUMBER(SEARCH("youth",C14)),"youth", ISNUMBER(SEARCH("juve",C14)),"youth", OR(ISNUMBER(SEARCH("health",B14)),ISNUMBER(SEARCH("care ",B14)),ISNUMBER(SEARCH("psych",B14)),ISNUMBER(SEARCH("medical",B14)),ISNUMBER(SEARCH("hospital",B14))),"medical", ISNUMBER(SEARCH("correct",B14)),"correctional", ISNUMBER(SEARCH("process",B14)),"processing", ISNUMBER(SEARCH("detention center",B14)),"detention", ISNUMBER(SEARCH("detention fac",B14)),"detention", ISNUMBER(SEARCH("staging",B14)),"staging", ISNUMBER(SEARCH("prison",B14)),"prison", ISNUMBER(SEARCH("penet",B14)),"prison", ISNUMBER(SEARCH("jail",B14)),"jail", ISNUMBER(SEARCH("detention",B14)),"detention", ISNUMBER(SEARCH("sheriff",B14)),"sheriff/police", ISNUMBER(SEARCH("police",B14)),"sheriff/police", TRUE,"" )} -> correctional | H14: =INDEX(Sheet2!B:B,MATCH(C14,Sheet2!A:A,0),1) -> 25721 | I14: =3-COUNTBLANK(D14:F14) -> 3 | J14: =IF(I14>=2,H14,0) -> 25721
A15: ALVARADO PARKWAY INSTITUTE | B15: Prairieland Detention Center | C15: PRLDCTX | D15: TX | E15: Alvarado | G15: {=_xlfn.IFS( ISNUMBER(SEARCH("hold",C15)),"hold", ISNUMBER(SEARCH("youth",C15)),"youth", ISNUMBER(SEARCH("juve",C15)),"youth", OR(ISNUMBER(SEARCH("health",B15)),ISNUMBER(SEARCH("care ",B15)),ISNUMBER(SEARCH("psych",B15)),ISNUMBER(SEARCH("medical",B15)),ISNUMBER(SEARCH("hospital",B15))),"medical", ISNUMBER(SEARCH("correct",B15)),"correctional", ISNUMBER(SEARCH("process",B15)),"processing", ISNUMBER(SEARCH("detention center",B15)),"detention", ISNUMBER(SEARCH("detention fac",B15)),"detention", ISNUMBER(SEARCH("staging",B15)),"staging", ISNUMBER(SEARCH("prison",B15)),"prison", ISNUMBER(SEARCH("penet",B15)),"prison", ISNUMBER(SEARCH("jail",B15)),"jail", ISNUMBER(SEARCH("detention",B15)),"detention", ISNUMBER(SEARCH("sheriff",B15)),"sheriff/police", ISNUMBER(SEARCH("police",B15)),"sheriff/police", TRUE,"" )} -> detention | H15: =INDEX(Sheet2!B:B,MATCH(C15,Sheet2!A:A,0),1) -> 25666 | I15: =3-COUNTBLANK(D15:F15) -> 2 | J15: =IF(I15>=2,H15,0) -> 25666
A16: AMARILLO HOLD ROOM | B16: Krome North Service Processing Center | C16: KRO | D16: FL | E16: Miami | G16: {=_xlfn.IFS( ISNUMBER(SEARCH("hold",C16)),"hold", ISNUMBER(SEARCH("youth",C16)),"youth", ISNUMBER(SEARCH("juve",C16)),"youth", OR(ISNUMBER(SEARCH("health",B16)),ISNUMBER(SEARCH("care ",B16)),ISNUMBER(SEARCH("psych",B16)),ISNUMBER(SEARCH("medical",B16)),ISNUMBER(SEARCH("hospital",B16))),"medical", ISNUMBER(SEARCH("correct",B16)),"correctional", ISNUMBER(SEARCH("process",B16)),"processing", ISNUMBER(SEARCH("detention center",B16)),"detention", ISNUMBER(SEARCH("detention fac",B16)),"detention", ISNUMBER(SEARCH("staging",B16)),"staging", ISNUMBER(SEARCH("prison",B16)),"prison", ISNUMBER(SEARCH("penet",B16)),"prison", ISNUMBER(SEARCH("jail",B16)),"jail", ISNUMBER(SEARCH("detention",B16)),"detention", ISNUMBER(SEARCH("sheriff",B16)),"sheriff/police", ISNUMBER(SEARCH("police",B16)),"sheriff/police", TRUE,"" )} -> processing | H16: =INDEX(Sheet2!B:B,MATCH(C16,Sheet2!A:A,0),1) -> 25522 | I16: =3-COUNTBLANK(D16:F16) -> 2 | J16: =IF(I16>=2,H16,0) -> 25522
A17: ANCHORAGE JAIL | B17: El Paso Service Processing Center | C17: EPC | D17: TX | E17: El Paso | G17: {=_xlfn.IFS( ISNUMBER(SEARCH("hold",C17)),"hold", ISNUMBER(SEARCH("youth",C17)),"youth", ISNUMBER(SEARCH("juve",C17)),"youth", OR(ISNUMBER(SEARCH("health",B17)),ISNUMBER(SEARCH("care ",B17)),ISNUMBER(SEARCH("psych",B17)),ISNUMBER(SEARCH("medical",B17)),ISNUMBER(SEARCH("hospital",B17))),"medical", ISNUMBER(SEARCH("correct",B17)),"correctional", ISNUMBER(SEARCH("process",B17)),"processing", ISNUMBER(SEARCH("detention center",B17)),"detention", ISNUMBER(SEARCH("detention fac",B17)),"detention", ISNUMBER(SEARCH("staging",B17)),"staging", ISNUMBER(SEARCH("prison",B17)),"prison", ISNUMBER(SEARCH("penet",B17)),"prison", ISNUMBER(SEARCH("jail",B17)),"jail", ISNUMBER(SEARCH("detention",B17)),"detention", ISNUMBER(SEARCH("sheriff",B17)),"sheriff/police", ISNUMBER(SEARCH("police",B17)),"sheriff/police", TRUE,"" )} -> processing | H17: =INDEX(Sheet2!B:B,MATCH(C17,Sheet2!A:A,0),1) -> 22591 | I17: =3-COUNTBLANK(D17:F17) -> 2 | J17: =IF(I17>=2,H17,0) -> 22591
A18: ANCHORAGE SUB-OFFICE HOLD ROOM | B18: Karnes County Immigration Process Center | C18: KRNRCTX | D18: TX | F18: Karnes | G18: {=_xlfn.IFS( ISNUMBER(SEARCH("hold",C18)),"hold", ISNUMBER(SEARCH("youth",C18)),"youth", ISNUMBER(SEARCH("juve",C18)),"youth", OR(ISNUMBER(SEARCH("health",B18)),ISNUMBER(SEARCH("care ",B18)),ISNUMBER(SEARCH("psych",B18)),ISNUMBER(SEARCH("medical",B18)),ISNUMBER(SEARCH("hospital",B18))),"medical", ISNUMBER(SEARCH("correct",B18)),"correctional", ISNUMBER(SEARCH("process",B18)),"processing", ISNUMBER(SEARCH("detention center",B18)),"detention", ISNUMBER(SEARCH("detention fac",B18)),"detention", ISNUMBER(SEARCH("staging",B18)),"staging", ISNUMBER(SEARCH("prison",B18)),"prison", ISNUMBER(SEARCH("penet",B18)),"prison", ISNUMBER(SEARCH("jail",B18)),"jail", ISNUMBER(SEARCH("detention",B18)),"detention", ISNUMBER(SEARCH("sheriff",B18)),"sheriff/police", ISNUMBER(SEARCH("police",B18)),"sheriff/police", TRUE,"" )} -> processing | H18: =INDEX(Sheet2!B:B,MATCH(C18,Sheet2!A:A,0),1) -> 21935 | I18: =3-COUNTBLANK(D18:F18) -> 2 | J18: =IF(I18>=2,H18,0) -> 21935
A19: ANDERSON COUNTY DET CENTER | B19: Dallas F.O. Hold | C19: DALHOLD | D19: TX | E19: Dallas | G19: {=_xlfn.IFS( ISNUMBER(SEARCH("hold",C19)),"hold", ISNUMBER(SEARCH("youth",C19)),"youth", ISNUMBER(SEARCH("juve",C19)),"youth", OR(ISNUMBER(SEARCH("health",B19)),ISNUMBER(SEARCH("care ",B19)),ISNUMBER(SEARCH("psych",B19)),ISNUMBER(SEARCH("medical",B19)),ISNUMBER(SEARCH("hospital",B19))),"medical", ISNUMBER(SEARCH("correct",B19)),"correctional", ISNUMBER(SEARCH("process",B19)),"processing", ISNUMBER(SEARCH("detention center",B19)),"detention", ISNUMBER(SEARCH("detention fac",B19)),"detention", ISNUMBER(SEARCH("staging",B19)),"staging", ISNUMBER(SEARCH("prison",B19)),"prison", ISNUMBER(SEARCH("penet",B19)),"prison", ISNUMBER(SEARCH("jail",B19)),"jail", ISNUMBER(SEARCH("detention",B19)),"detention", ISNUMBER(SEARCH("sheriff",B19)),"sheriff/police", ISNUMBER(SEARCH("police",B19)),"sheriff/police", TRUE,"" )} -> hold | H19: =INDEX(Sheet2!B:B,MATCH(C19,Sheet2!A:A,0),1) -> 21680 | I19: =3-COUNTBLANK(D19:F19) -> 2 | J19: =IF(I19>=2,H19,0) -> 21680
A20: ARAPAHOE COUNTY JAIL | B20: Otero County Processing Center | C20: OTRPCNM | D20: NM | F20: Otero | G20: {=_xlfn.IFS( ISNUMBER(SEARCH("hold",C20)),"hold", ISNUMBER(SEARCH("youth",C20)),"youth", ISNUMBER(SEARCH("juve",C20)),"youth", OR(ISNUMBER(SEARCH("health",B20)),ISNUMBER(SEARCH("care ",B20)),ISNUMBER(SEARCH("psych",B20)),ISNUMBER(SEARCH("medical",B20)),ISNUMBER(SEARCH("hospital",B20))),"medical", ISNUMBER(SEARCH("correct",B20)),"correctional", ISNUMBER(SEARCH("process",B20)),"processing", ISNUMBER(SEARCH("detention center",B20)),"detention", ISNUMBER(SEARCH("detention fac",B20)),"detention", ISNUMBER(SEARCH("staging",B20)),"staging", ISNUMBER(SEARCH("prison",B20)),"prison", ISNUMBER(SEARCH("penet",B20)),"prison", ISNUMBER(SEARCH("jail",B20)),"jail", ISNUMBER(SEARCH("detention",B20)),"detention", ISNUMBER(SEARCH("sheriff",B20)),"sheriff/police", ISNUMBER(SEARCH("police",B20)),"sheriff/police", TRUE,"" )} -> processing | H20: =INDEX(Sheet2!B:B,MATCH(C20,Sheet2!A:A,0),1) -> 21573 | I20: =3-COUNTBLANK(D20:F20) -> 2 | J20: =IF(I20>=2,H20,0) -> 21573
A21: ARIZONA STATE PRISON - YUMA | B21: Central Louisiana I.C.E. Processing Center | C21: JENADLA | D21: LA | E21: Pine Prairie | G21: {=_xlfn.IFS( ISNUMBER(SEARCH("hold",C21)),"hold", ISNUMBER(SEARCH("youth",C21)),"youth", ISNUMBER(SEARCH("juve",C21)),"youth", OR(ISNUMBER(SEARCH("health",B21)),ISNUMBER(SEARCH("care ",B21)),ISNUMBER(SEARCH("psych",B21)),ISNUMBER(SEARCH("medical",B21)),ISNUMBER(SEARCH("hospital",B21))),"medical", ISNUMBER(SEARCH("correct",B21)),"correctional", ISNUMBER(SEARCH("process",B21)),"processing", ISNUMBER(SEARCH("detention center",B21)),"detention", ISNUMBER(SEARCH("detention fac",B21)),"detention", ISNUMBER(SEARCH("staging",B21)),"staging", ISNUMBER(SEARCH("prison",B21)),"prison", ISNUMBER(SEARCH("penet",B21)),"prison", ISNUMBER(SEARCH("jail",B21)),"jail", ISNUMBER(SEARCH("detention",B21)),"detention", ISNUMBER(SEARCH("sheriff",B21)),"sheriff/police", ISNUMBER(SEARCH("police",B21)),"sheriff/police", TRUE,"" )} -> processing | H21: =INDEX(Sheet2!B:B,MATCH(C21,Sheet2!A:A,0),1) -> 21503 | I21: =3-COUNTBLANK(D21:F21) -> 2 | J21: =IF(I21>=2,H21,0) -> 21503
A22: ATHENS, TX HOLD ROOM | B22: Jackson Parish Correctional Center | C22: JKPCCLA | D22: LA | F22: Jackson | G22: {=_xlfn.IFS( ISNUMBER(SEARCH("hold",C22)),"hold", ISNUMBER(SEARCH("youth",C22)),"youth", ISNUMBER(SEARCH("juve",C22)),"youth", OR(ISNUMBER(SEARCH("health",B22)),ISNUMBER(SEARCH("care ",B22)),ISNUMBER(SEARCH("psych",B22)),ISNUMBER(SEARCH("medical",B22)),ISNUMBER(SEARCH("hospital",B22))),"medical", ISNUMBER(SEARCH("correct",B22)),"correctional", ISNUMBER(SEARCH("process",B22)),"processing", ISNUMBER(SEARCH("detention center",B22)),"detention", ISNUMBER(SEARCH("detention fac",B22)),"detention", ISNUMBER(SEARCH("staging",B22)),"staging", ISNUMBER(SEARCH("prison",B22)),"prison", ISNUMBER(SEARCH("penet",B22)),"prison", ISNUMBER(SEARCH("jail",B22)),"jail", ISNUMBER(SEARCH("detention",B22)),"detention", ISNUMBER(SEARCH("sheriff",B22)),"sheriff/police", ISNUMBER(SEARCH("police",B22)),"sheriff/police", TRUE,"" )} -> correctional | H22: =INDEX(Sheet2!B:B,MATCH(C22,Sheet2!A:A,0),1) -> 21503 | I22: =3-COUNTBLANK(D22:F22) -> 2 | J22: =IF(I22>=2,H22,0) -> 21503
A23: ATLANTA DIST. HOLD RM | B23: Montgomery Hold Room | C23: MTGHOLD | D23: TX | E23: Conroe | F23: Montgomery | G23: {=_xlfn.IFS( ISNUMBER(SEARCH("hold",C23)),"hold", ISNUMBER(SEARCH("youth",C23)),"youth", ISNUMBER(SEARCH("juve",C23)),"youth", OR(ISNUMBER(SEARCH("health",B23)),ISNUMBER(SEARCH("care ",B23)),ISNUMBER(SEARCH("psych",B23)),ISNUMBER(SEARCH("medical",B23)),ISNUMBER(SEARCH("hospital",B23))),"medical", ISNUMBER(SEARCH("correct",B23)),"correctional", ISNUMBER(SEARCH("process",B23)),"processing", ISNUMBER(SEARCH("detention center",B23)),"detention", ISNUMBER(SEARCH("detention fac",B23)),"detention", ISNUMBER(SEARCH("staging",B23)),"staging", ISNUMBER(SEARCH("prison",B23)),"prison", ISNUMBER(SEARCH("penet",B23)),"prison", ISNUMBER(SEARCH("jail",B23)),"jail", ISNUMBER(SEARCH("detention",B23)),"detention", ISNUMBER(SEARCH("sheriff",B23)),"sheriff/police", ISNUMBER(SEARCH("police",B23)),"sheriff/police", TRUE,"" )} -> hold | H23: =INDEX(Sheet2!B:B,MATCH(C23,Sheet2!A:A,0),1) -> 21420 | I23: =3-COUNTBLANK(D23:F23) -> 3 | J23: =IF(I23>=2,H23,0) -> 21420
A24: ATLANTA PRETRIAL DETN CTR | B24: El Valle Detention Facility | C24: ELVDFTX | D24: TX | E24: Raymondville | G24: {=_xlfn.IFS( ISNUMBER(SEARCH("hold",C24)),"hold", ISNUMBER(SEARCH("youth",C24)),"youth", ISNUMBER(SEARCH("juve",C24)),"youth", OR(ISNUMBER(SEARCH("health",B24)),ISNUMBER(SEARCH("care ",B24)),ISNUMBER(SEARCH("psych",B24)),ISNUMBER(SEARCH("medical",B24)),ISNUMBER(SEARCH("hospital",B24))),"medical", ISNUMBER(SEARCH("correct",B24)),"correctional", ISNUMBER(SEARCH("process",B24)),"processing", ISNUMBER(SEARCH("detention center",B24)),"detention", ISNUMBER(SEARCH("detention fac",B24)),"detention", ISNUMBER(SEARCH("staging",B24)),"staging", ISNUMBER(SEARCH("prison",B24)),"prison", ISNUMBER(SEARCH("penet",B24)),"prison", ISNUMBER(SEARCH("jail",B24)),"jail", ISNUMBER(SEARCH("detention",B24)),"detention", ISNUMBER(SEARCH("sheriff",B24)),"sheriff/police", ISNUMBER(SEARCH("police",B24)),"sheriff/police", TRUE,"" )} -> detention | H24: =INDEX(Sheet2!B:B,MATCH(C24,Sheet2!A:A,0),1) -> 20063 | I24: =3-COUNTBLANK(D24:F24) -> 2 | J24: =IF(I24>=2,H24,0) -> 20063
A25: ATLANTA U.S. PEN. | B25: Bluebonnet Detention Facility | C25: BLBNATX | D25: TX | E25: Anson | G25: {=_xlfn.IFS( ISNUMBER(SEARCH("hold",C25)),"hold", ISNUMBER(SEARCH("youth",C25)),"youth", ISNUMBER(SEARCH("juve",C25)),"youth", OR(ISNUMBER(SEARCH("health",B25)),ISNUMBER(SEARCH("care ",B25)),ISNUMBER(SEARCH("psych",B25)),ISNUMBER(SEARCH("medical",B25)),ISNUMBER(SEARCH("hospital",B25))),"medical", ISNUMBER(SEARCH("correct",B25)),"correctional", ISNUMBER(SEARCH("process",B25)),"processing", ISNUMBER(SEARCH("detention center",B25)),"detention", ISNUMBER(SEARCH("detention fac",B25)),"detention", ISNUMBER(SEARCH("staging",B25)),"staging", ISNUMBER(SEARCH("prison",B25)),"prison", ISNUMBER(SEARCH("penet",B25)),"prison", ISNUMBER(SEARCH("jail",B25)),"jail", ISNUMBER(SEARCH("detention",B25)),"detention", ISNUMBER(SEARCH("sheriff",B25)),"sheriff/police", ISNUMBER(SEARCH("police",B25)),"sheriff/police", TRUE,"" )} -> detention | H25: =INDEX(Sheet2!B:B,MATCH(C25,Sheet2!A:A,0),1) -> 18893 | I25: =3-COUNTBLANK(D25:F25) -> 2 | J25: =IF(I25>=2,H25,0) -> 18893
A26: SUMTER COUNTY JAIL | B26: Cook Inlet Pre-Trial, Anch | C26: AKCOOKI | D26: AK | G26: {=_xlfn.IFS( ISNUMBER(SEARCH("hold",C26)),"hold", ISNUMBER(SEARCH("youth",C26)),"youth", ISNUMBER(SEARCH("juve",C26)),"youth", OR(ISNUMBER(SEARCH("health",B26)),ISNUMBER(SEARCH("care ",B26)),ISNUMBER(SEARCH("psych",B26)),ISNUMBER(SEARCH("medical",B26)),ISNUMBER(SEARCH("hospital",B26))),"medical", ISNUMBER(SEARCH("correct",B26)),"correctional", ISNUMBER(SEARCH("process",B26)),"processing", ISNUMBER(SEARCH("detention center",B26)),"detention", ISNUMBER(SEARCH("detention fac",B26)),"detention", ISNUMBER(SEARCH("staging",B26)),"staging", ISNUMBER(SEARCH("prison",B26)),"prison", ISNUMBER(SEARCH("penet",B26)),"prison", ISNUMBER(SEARCH("jail",B26)),"jail", ISNUMBER(SEARCH("detention",B26)),"detention", ISNUMBER(SEARCH("sheriff",B26)),"sheriff/police", ISNUMBER(SEARCH("police",B26)),"sheriff/police", TRUE,"" )} | H26: =INDEX(Sheet2!B:B,MATCH(C26,Sheet2!A:A,0),1) -> 2 | I26: =3-COUNTBLANK(D26:F26) -> 1 | J26: =IF(I26>=2,H26,0) -> 0
A27: AZ REM OP COORD CENTER (AROCC) | B27: Joe Corley Processing Center | C27: JCRLYTX | D27: TX | E27: Conroe | G27: {=_xlfn.IFS( ISNUMBER(SEARCH("hold",C27)),"hold", ISNUMBER(SEARCH("youth",C27)),"youth", ISNUMBER(SEARCH("juve",C27)),"youth", OR(ISNUMBER(SEARCH("health",B27)),ISNUMBER(SEARCH("care ",B27)),ISNUMBER(SEARCH("psych",B27)),ISNUMBER(SEARCH("medical",B27)),ISNUMBER(SEARCH("hospital",B27))),"medical", ISNUMBER(SEARCH("correct",B27)),"correctional", ISNUMBER(SEARCH("process",B27)),"processing", ISNUMBER(SEARCH("detention center",B27)),"detention", ISNUMBER(SEARCH("detention fac",B27)),"detention", ISNUMBER(SEARCH("staging",B27)),"staging", ISNUMBER(SEARCH("prison",B27)),"prison", ISNUMBER(SEARCH("penet",B27)),"prison", ISNUMBER(SEARCH("jail",B27)),"jail", ISNUMBER(SEARCH("detention",B27)),"detention", ISNUMBER(SEARCH("sheriff",B27)),"sheriff/police", ISNUMBER(SEARCH("police",B27)),"sheriff/police", TRUE,"" )} -> processing | H27: =INDEX(Sheet2!B:B,MATCH(C27,Sheet2!A:A,0),1) -> 16030 | I27: =3-COUNTBLANK(D27:F27) -> 2 | J27: =IF(I27>=2,H27,0) -> 16030
A28: B.R.R.J. HALIFAX | B28: IAH Secure Adult Detention Facility | C28: POLKCTX | D28: TX | F28: Polk | G28: {=_xlfn.IFS( ISNUMBER(SEARCH("hold",C28)),"hold", ISNUMBER(SEARCH("youth",C28)),"youth", ISNUMBER(SEARCH("juve",C28)),"youth", OR(ISNUMBER(SEARCH("health",B28)),ISNUMBER(SEARCH("care ",B28)),ISNUMBER(SEARCH("psych",B28)),ISNUMBER(SEARCH("medical",B28)),ISNUMBER(SEARCH("hospital",B28))),"medical", ISNUMBER(SEARCH("correct",B28)),"correctional", ISNUMBER(SEARCH("process",B28)),"processing", ISNUMBER(SEARCH("detention center",B28)),"detention", ISNUMBER(SEARCH("detention fac",B28)),"detention", ISNUMBER(SEARCH("staging",B28)),"staging", ISNUMBER(SEARCH("prison",B28)),"prison", ISNUMBER(SEARCH("penet",B28)),"prison", ISNUMBER(SEARCH("jail",B28)),"jail", ISNUMBER(SEARCH("detention",B28)),"detention", ISNUMBER(SEARCH("sheriff",B28)),"sheriff/police", ISNUMBER(SEARCH("police",B28)),"sheriff/police", TRUE,"" )} -> detention | H28: =INDEX(Sheet2!B:B,MATCH(C28,Sheet2!A:A,0),1) -> 15993 | I28: =3-COUNTBLANK(D28:F28) -> 2 | J28: =IF(I28>=2,H28,0) -> 15993
A29: UNION COUNTY JAIL | B29: Ketchikan Regional Cc | C29: AKKETCH | G29: {=_xlfn.IFS( ISNUMBER(SEARCH("hold",C29)),"hold", ISNUMBER(SEARCH("youth",C29)),"youth", ISNUMBER(SEARCH("juve",C29)),"youth", OR(ISNUMBER(SEARCH("health",B29)),ISNUMBER(SEARCH("care ",B29)),ISNUMBER(SEARCH("psych",B29)),ISNUMBER(SEARCH("medical",B29)),ISNUMBER(SEARCH("hospital",B29))),"medical", ISNUMBER(SEARCH("correct",B29)),"correctional", ISNUMBER(SEARCH("process",B29)),"processing", ISNUMBER(SEARCH("detention center",B29)),"detention", ISNUMBER(SEARCH("detention fac",B29)),"detention", ISNUMBER(SEARCH("staging",B29)),"staging", ISNUMBER(SEARCH("prison",B29)),"prison", ISNUMBER(SEARCH("penet",B29)),"prison", ISNUMBER(SEARCH("jail",B29)),"jail", ISNUMBER(SEARCH("detention",B29)),"detention", ISNUMBER(SEARCH("sheriff",B29)),"sheriff/police", ISNUMBER(SEARCH("police",B29)),"sheriff/police", TRUE,"" )} | H29: =INDEX(Sheet2!B:B,MATCH(C29,Sheet2!A:A,0),1) -> 1 | I29: =3-COUNTBLANK(D29:F29) -> 0 | J29: =IF(I29>=2,H29,0) -> 0
A30: BAKER COUNTY SHERIFF DEPT. | B30: South Louisiana I.C.E. Processing Center | C30: BASILLA | D30: LA | E30: Basile | G30: {=_xlfn.IFS( ISNUMBER(SEARCH("hold",C30)),"hold", ISNUMBER(SEARCH("youth",C30)),"youth", ISNUMBER(SEARCH("juve",C30)),"youth", OR(ISNUMBER(SEARCH("health",B30)),ISNUMBER(SEARCH("care ",B30)),ISNUMBER(SEARCH("psych",B30)),ISNUMBER(SEARCH("medical",B30)),ISNUMBER(SEARCH("hospital",B30))),"medical", ISNUMBER(SEARCH("correct",B30)),"correctional", ISNUMBER(SEARCH("process",B30)),"processing", ISNUMBER(SEARCH("detention center",B30)),"detention", ISNUMBER(SEARCH("detention fac",B30)),"detention", ISNUMBER(SEARCH("staging",B30)),"staging", ISNUMBER(SEARCH("prison",B30)),"prison", ISNUMBER(SEARCH("penet",B30)),"prison", ISNUMBER(SEARCH("jail",B30)),"jail", ISNUMBER(SEARCH("detention",B30)),"detention", ISNUMBER(SEARCH("sheriff",B30)),"sheriff/police", ISNUMBER(SEARCH("police",B30)),"sheriff/police", TRUE,"" )} -> processing | H30: =INDEX(Sheet2!B:B,MATCH(C30,Sheet2!A:A,0),1) -> 15624 | I30: =3-COUNTBLANK(D30:F30) -> 2 | J30: =IF(I30>=2,H30,0) -> 15624
A31: BAKERFIELD HOLD | B31: Denver Contract Detention Facility | C31: DENICDF | D31: CO | E31: Aurora | G31: {=_xlfn.IFS( ISNUMBER(SEARCH("hold",C31)),"hold", ISNUMBER(SEARCH("youth",C31)),"youth", ISNUMBER(SEARCH("juve",C31)),"youth", OR(ISNUMBER(SEARCH("health",B31)),ISNUMBER(SEARCH("care ",B31)),ISNUMBER(SEARCH("psych",B31)),ISNUMBER(SEARCH("medical",B31)),ISNUMBER(SEARCH("hospital",B31))),"medical", ISNUMBER(SEARCH("correct",B31)),"correctional", ISNUMBER(SEARCH("process",B31)),"processing", ISNUMBER(SEARCH("detention center",B31)),"detention", ISNUMBER(SEARCH("detention fac",B31)),"detention", ISNUMBER(SEARCH("staging",B31)),"staging", ISNUMBER(SEARCH("prison",B31)),"prison", ISNUMBER(SEARCH("penet",B31)),"prison", ISNUMBER(SEARCH("jail",B31)),"jail", ISNUMBER(SEARCH("detention",B31)),"detention", ISNUMBER(SEARCH("sheriff",B31)),"sheriff/police", ISNUMBER(SEARCH("police",B31)),"sheriff/police", TRUE,"" )} -> detention | H31: =INDEX(Sheet2!B:B,MATCH(C31,Sheet2!A:A,0),1) -> 15546 | I31: =3-COUNTBLANK(D31:F31) -> 2 | J31: =IF(I31>=2,H31,0) -> 15546
A32: BALDWIN COUNTY COR. CENTER | B32: Moshannon Valley Processing Center | C32: MSVPCPA | D32: PA | E32: Philipsburg | F32: Clearfield | G32: {=_xlfn.IFS( ISNUMBER(SEARCH("hold",C32)),"hold", ISNUMBER(SEARCH("youth",C32)),"youth", ISNUMBER(SEARCH("juve",C32)),"youth", OR(ISNUMBER(SEARCH("health",B32)),ISNUMBER(SEARCH("care ",B32)),ISNUMBER(SEARCH("psych",B32)),ISNUMBER(SEARCH("medical",B32)),ISNUMBER(SEARCH("hospital",B32))),"medical", ISNUMBER(SEARCH("correct",B32)),"correctional", ISNUMBER(SEARCH("process",B32)),"processing", ISNUMBER(SEARCH("detention center",B32)),"detention", ISNUMBER(SEARCH("detention fac",B32)),"detention", ISNUMBER(SEARCH("staging",B32)),"staging", ISNUMBER(SEARCH("prison",B32)),"prison", ISNUMBER(SEARCH("penet",B32)),"prison", ISNUMBER(SEARCH("jail",B32)),"jail", ISNUMBER(SEARCH("detention",B32)),"detention", ISNUMBER(SEARCH("sheriff",B32)),"sheriff/police", ISNUMBER(SEARCH("police",B32)),"sheriff/police", TRUE,"" )} -> processing | H32: =INDEX(Sheet2!B:B,MATCH(C32,Sheet2!A:A,0),1) -> 15546 | I32: =3-COUNTBLANK(D32:F32) -> 3 | J32: =IF(I32>=2,H32,0) -> 15546
A33: BALTIMORE HOLD ROOM | B33: Houston Contract Detention Facility | C33: HOUICDF | D33: TX | E33: Houston | G33: {=_xlfn.IFS( ISNUMBER(SEARCH("hold",C33)),"hold", ISNUMBER(SEARCH("youth",C33)),"youth", ISNUMBER(SEARCH("juve",C33)),"youth", OR(ISNUMBER(SEARCH("health",B33)),ISNUMBER(SEARCH("care ",B33)),ISNUMBER(SEARCH("psych",B33)),ISNUMBER(SEARCH("medical",B33)),ISNUMBER(SEARCH("hospital",B33))),"medical", ISNUMBER(SEARCH("correct",B33)),"correctional", ISNUMBER(SEARCH("process",B33)),"processing", ISNUMBER(SEARCH("detention center",B33)),"detention", ISNUMBER(SEARCH("detention fac",B33)),"detention", ISNUMBER(SEARCH("staging",B33)),"staging", ISNUMBER(SEARCH("prison",B33)),"prison", ISNUMBER(SEARCH("penet",B33)),"prison", ISNUMBER(SEARCH("jail",B33)),"jail", ISNUMBER(SEARCH("detention",B33)),"detention", ISNUMBER(SEARCH("sheriff",B33)),"sheriff/police", ISNUMBER(SEARCH("police",B33)),"sheriff/police", TRUE,"" )} -> detention | H33: =INDEX(Sheet2!B:B,MATCH(C33,Sheet2!A:A,0),1) -> 15377 | I33: =3-COUNTBLANK(D33:F33) -> 2 | J33: =IF(I33>=2,H33,0) -> 15377
A34: SEBASTIAN COUNTY DET CNT | B34: Lemon Creek, Juneau,Ak | C34: AKLEMON | D34: AK | G34: {=_xlfn.IFS( ISNUMBER(SEARCH("hold",C34)),"hold", ISNUMBER(SEARCH("youth",C34)),"youth", ISNUMBER(SEARCH("juve",C34)),"youth", OR(ISNUMBER(SEARCH("health",B34)),ISNUMBER(SEARCH("care ",B34)),ISNUMBER(SEARCH("psych",B34)),ISNUMBER(SEARCH("medical",B34)),ISNUMBER(SEARCH("hospital",B34))),"medical", ISNUMBER(SEARCH("correct",B34)),"correctional", ISNUMBER(SEARCH("process",B34)),"processing", ISNUMBER(SEARCH("detention center",B34)),"detention", ISNUMBER(SEARCH("detention fac",B34)),"detention", ISNUMBER(SEARCH("staging",B34)),"staging", ISNUMBER(SEARCH("prison",B34)),"prison", ISNUMBER(SEARCH("penet",B34)),"prison", ISNUMBER(SEARCH("jail",B34)),"jail", ISNUMBER(SEARCH("detention",B34)),"detention", ISNUMBER(SEARCH("sheriff",B34)),"sheriff/police", ISNUMBER(SEARCH("police",B34)),"sheriff/police", TRUE,"" )} | H34: =INDEX(Sheet2!B:B,MATCH(C34,Sheet2!A:A,0),1) -> 4 | I34: =3-COUNTBLANK(D34:F34) -> 1 | J34: =IF(I34>=2,H34,0) -> 0
A35: BAPTIST MEDICAL CENTER | B35: Richwood Correctional Center | C35: RWCCMLA | D35: LA | E35: Monroe | G35: {=_xlfn.IFS( ISNUMBER(SEARCH("hold",C35)),"hold", ISNUMBER(SEARCH("youth",C35)),"youth", ISNUMBER(SEARCH("juve",C35)),"youth", OR(ISNUMBER(SEARCH("health",B35)),ISNUMBER(SEARCH("care ",B35)),ISNUMBER(SEARCH("psych",B35)),ISNUMBER(SEARCH("medical",B35)),ISNUMBER(SEARCH("hospital",B35))),"medical", ISNUMBER(SEARCH("correct",B35)),"correctional", ISNUMBER(SEARCH("process",B35)),"processing", ISNUMBER(SEARCH("detention center",B35)),"detention", ISNUMBER(SEARCH("detention fac",B35)),"detention", ISNUMBER(SEARCH("staging",B35)),"staging", ISNUMBER(SEARCH("prison",B35)),"prison", ISNUMBER(SEARCH("penet",B35)),"prison", ISNUMBER(SEARCH("jail",B35)),"jail", ISNUMBER(SEARCH("detention",B35)),"detention", ISNUMBER(SEARCH("sheriff",B35)),"sheriff/police", ISNUMBER(SEARCH("police",B35)),"sheriff/police", TRUE,"" )} -> correctional | H35: =INDEX(Sheet2!B:B,MATCH(C35,Sheet2!A:A,0),1) -> 14662 | I35: =3-COUNTBLANK(D35:F35) -> 2 | J35: =IF(I35>=2,H35,0) -> 14662
A36: BARTOW CO JAIL | B36: Phoenix District Office | C36: PHOHOLD | D36: AZ | E36: Phoenix | G36: {=_xlfn.IFS( ISNUMBER(SEARCH("hold",C36)),"hold", ISNUMBER(SEARCH("youth",C36)),"youth", ISNUMBER(SEARCH("juve",C36)),"youth", OR(ISNUMBER(SEARCH("health",B36)),ISNUMBER(SEARCH("care ",B36)),ISNUMBER(SEARCH("psych",B36)),ISNUMBER(SEARCH("medical",B36)),ISNUMBER(SEARCH("hospital",B36))),"medical", ISNUMBER(SEARCH("correct",B36)),"correctional", ISNUMBER(SEARCH("process",B36)),"processing", ISNUMBER(SEARCH("detention center",B36)),"detention", ISNUMBER(SEARCH("detention fac",B36)),"detention", ISNUMBER(SEARCH("staging",B36)),"staging", ISNUMBER(SEARCH("prison",B36)),"prison", ISNUMBER(SEARCH("penet",B36)),"prison", ISNUMBER(SEARCH("jail",B36)),"jail", ISNUMBER(SEARCH("detention",B36)),"detention", ISNUMBER(SEARCH("sheriff",B36)),"sheriff/police", ISNUMBER(SEARCH("police",B36)),"sheriff/police", TRUE,"" )} -> hold | H36: =INDEX(Sheet2!B:B,MATCH(C36,Sheet2!A:A,0),1) -> 14656 | I36: =3-COUNTBLANK(D36:F36) -> 2 | J36: =IF(I36>=2,H36,0) -> 14656
A37: BATAVIA COMMAND CENTER HOLDROOM | B37: Los Cust Case | C37: LOSHOLD | G37: {=_xlfn.IFS( ISNUMBER(SEARCH("hold",C37)),"hold", ISNUMBER(SEARCH("youth",C37)),"youth", ISNUMBER(SEARCH("juve",C37)),"youth", OR(ISNUMBER(SEARCH("health",B37)),ISNUMBER(SEARCH("care ",B37)),ISNUMBER(SEARCH("psych",B37)),ISNUMBER(SEARCH("medical",B37)),ISNUMBER(SEARCH("hospital",B37))),"medical", ISNUMBER(SEARCH("correct",B37)),"correctional", ISNUMBER(SEARCH("process",B37)),"processing", ISNUMBER(SEARCH("detention center",B37)),"detention", ISNUMBER(SEARCH("detention fac",B37)),"detention", ISNUMBER(SEARCH("staging",B37)),"staging", ISNUMBER(SEARCH("prison",B37)),"prison", ISNUMBER(SEARCH("penet",B37)),"prison", ISNUMBER(SEARCH("jail",B37)),"jail", ISNUMBER(SEARCH("detention",B37)),"detention", ISNUMBER(SEARCH("sheriff",B37)),"sheriff/police", ISNUMBER(SEARCH("police",B37)),"sheriff/police", TRUE,"" )} -> hold | H37: =INDEX(Sheet2!B:B,MATCH(C37,Sheet2!A:A,0),1) -> 13945 | I37: =3-COUNTBLANK(D37:F37) -> 0 | J37: =IF(I37>=2,H37,0) -> 0
A38: BAY COUNTY | B38: Az Rem Op Coord Center (Arocc) | C38: IWAHOLD | D38: AZ | E38: Mesa | G38: {=_xlfn.IFS( ISNUMBER(SEARCH("hold",C38)),"hold", ISNUMBER(SEARCH("youth",C38)),"youth", ISNUMBER(SEARCH("juve",C38)),"youth", OR(ISNUMBER(SEARCH("health",B38)),ISNUMBER(SEARCH("care ",B38)),ISNUMBER(SEARCH("psych",B38)),ISNUMBER(SEARCH("medical",B38)),ISNUMBER(SEARCH("hospital",B38))),"medical", ISNUMBER(SEARCH("correct",B38)),"correctional", ISNUMBER(SEARCH("process",B38)),"processing", ISNUMBER(SEARCH("detention center",B38)),"detention", ISNUMBER(SEARCH("detention fac",B38)),"detention", ISNUMBER(SEARCH("staging",B38)),"staging", ISNUMBER(SEARCH("prison",B38)),"prison", ISNUMBER(SEARCH("penet",B38)),"prison", ISNUMBER(SEARCH("jail",B38)),"jail", ISNUMBER(SEARCH("detention",B38)),"detention", ISNUMBER(SEARCH("sheriff",B38)),"sheriff/police", ISNUMBER(SEARCH("police",B38)),"sheriff/police", TRUE,"" )} -> hold | H38: =INDEX(Sheet2!B:B,MATCH(C38,Sheet2!A:A,0),1) -> 12934 | I38: =3-COUNTBLANK(D38:F38) -> 2 | J38: =IF(I38>=2,H38,0) -> 12934
A39: BAYAMON HOSPITAL | B39: Atlanta Dist. Hold Room | C39: ATLHOLD | D39: GA | E39: Atlanta | G39: {=_xlfn.IFS( ISNUMBER(SEARCH("hold",C39)),"hold", ISNUMBER(SEARCH("youth",C39)),"youth", ISNUMBER(SEARCH("juve",C39)),"youth", OR(ISNUMBER(SEARCH("health",B39)),ISNUMBER(SEARCH("care ",B39)),ISNUMBER(SEARCH("psych",B39)),ISNUMBER(SEARCH("medical",B39)),ISNUMBER(SEARCH("hospital",B39))),"medical", ISNUMBER(SEARCH("correct",B39)),"correctional", ISNUMBER(SEARCH("process",B39)),"processing", ISNUMBER(SEARCH("detention center",B39)),"detention", ISNUMBER(SEARCH("detention fac",B39)),"detention", ISNUMBER(SEARCH("staging",B39)),"staging", ISNUMBER(SEARCH("prison",B39)),"prison", ISNUMBER(SEARCH("penet",B39)),"prison", ISNUMBER(SEARCH("jail",B39)),"jail", ISNUMBER(SEARCH("detention",B39)),"detention", ISNUMBER(SEARCH("sheriff",B39)),"sheriff/police", ISNUMBER(SEARCH("police",B39)),"sheriff/police", TRUE,"" )} -> hold | H39: =INDEX(Sheet2!B:B,MATCH(C39,Sheet2!A:A,0),1) -> 12564 | I39: =3-COUNTBLANK(D39:F39) -> 2 | J39: =IF(I39>=2,H39,0) -> 12564
A40: BELL COUNTY JAIL | B40: Rio Grande Detention Center | C40: RGRNDTX | D40: TX | E40: Rio Grande | G40: {=_xlfn.IFS( ISNUMBER(SEARCH("hold",C40)),"hold", ISNUMBER(SEARCH("youth",C40)),"youth", ISNUMBER(SEARCH("juve",C40)),"youth", OR(ISNUMBER(SEARCH("health",B40)),ISNUMBER(SEARCH("care ",B40)),ISNUMBER(SEARCH("psych",B40)),ISNUMBER(SEARCH("medical",B40)),ISNUMBER(SEARCH("hospital",B40))),"medical", ISNUMBER(SEARCH("correct",B40)),"correctional", ISNUMBER(SEARCH("process",B40)),"processing", ISNUMBER(SEARCH("detention center",B40)),"detention", ISNUMBER(SEARCH("detention fac",B40)),"detention", ISNUMBER(SEARCH("staging",B40)),"staging", ISNUMBER(SEARCH("prison",B40)),"prison", ISNUMBER(SEARCH("penet",B40)),"prison", ISNUMBER(SEARCH("jail",B40)),"jail", ISNUMBER(SEARCH("detention",B40)),"detention", ISNUMBER(SEARCH("sheriff",B40)),"sheriff/police", ISNUMBER(SEARCH("police",B40)),"sheriff/police", TRUE,"" )} -> detention | H40: =INDEX(Sheet2!B:B,MATCH(C40,Sheet2!A:A,0),1) -> 12550 | I40: =3-COUNTBLANK(D40:F40) -> 2 | J40: =IF(I40>=2,H40,0) -> 12550
A41: BERGEN COUNTY JAIL | B41: Broadview Service Staging | C41: BSAHOLD | D41: IL | E41: Broadview | G41: {=_xlfn.IFS( ISNUMBER(SEARCH("hold",C41)),"hold", ISNUMBER(SEARCH("youth",C41)),"youth", ISNUMBER(SEARCH("juve",C41)),"youth", OR(ISNUMBER(SEARCH("health",B41)),ISNUMBER(SEARCH("care ",B41)),ISNUMBER(SEARCH("psych",B41)),ISNUMBER(SEARCH("medical",B41)),ISNUMBER(SEARCH("hospital",B41))),"medical", ISNUMBER(SEARCH("correct",B41)),"correctional", ISNUMBER(SEARCH("process",B41)),"processing", ISNUMBER(SEARCH("detention center",B41)),"detention", ISNUMBER(SEARCH("detention fac",B41)),"detention", ISNUMBER(SEARCH("staging",B41)),"staging", ISNUMBER(SEARCH("prison",B41)),"prison", ISNUMBER(SEARCH("penet",B41)),"prison", ISNUMBER(SEARCH("jail",B41)),"jail", ISNUMBER(SEARCH("detention",B41)),"detention", ISNUMBER(SEARCH("sheriff",B41)),"sheriff/police", ISNUMBER(SEARCH("police",B41)),"sheriff/police", TRUE,"" )} -> hold | H41: =INDEX(Sheet2!B:B,MATCH(C41,Sheet2!A:A,0),1) -> 12393 | I41: =3-COUNTBLANK(D41:F41) -> 2 | J41: =IF(I41>=2,H41,0) -> 12393
A42: BETH ISRAEL DEACONESS HOSP | B42: Elizabeth Contract Detention Facility | C42: ELZICDF | D42: NJ | E42: Elizabeth | G42: {=_xlfn.IFS( ISNUMBER(SEARCH("hold",C42)),"hold", ISNUMBER(SEARCH("youth",C42)),"youth", ISNUMBER(SEARCH("juve",C42)),"youth", OR(ISNUMBER(SEARCH("health",B42)),ISNUMBER(SEARCH("care ",B42)),ISNUMBER(SEARCH("psych",B42)),ISNUMBER(SEARCH("medical",B42)),ISNUMBER(SEARCH("hospital",B42))),"medical", ISNUMBER(SEARCH("correct",B42)),"correctional", ISNUMBER(SEARCH("process",B42)),"processing", ISNUMBER(SEARCH("detention center",B42)),"detention", ISNUMBER(SEARCH("detention fac",B42)),"detention", ISNUMBER(SEARCH("staging",B42)),"staging", ISNUMBER(SEARCH("prison",B42)),"prison", ISNUMBER(SEARCH("penet",B42)),"prison", ISNUMBER(SEARCH("jail",B42)),"jail", ISNUMBER(SEARCH("detention",B42)),"detention", ISNUMBER(SEARCH("sheriff",B42)),"sheriff/police", ISNUMBER(SEARCH("police",B42)),"sheriff/police", TRUE,"" )} -> detention | H42: =INDEX(Sheet2!B:B,MATCH(C42,Sheet2!A:A,0),1) -> 12203 | I42: =3-COUNTBLANK(D42:F42) -> 2 | J42: =IF(I42>=2,H42,0) -> 12203
A43: BI INCORORATED, GEO GROUP COMPANY | B43: NYC Hold Room | C43: NYCHOLD | D43: NY | E43: New York City | G43: {=_xlfn.IFS( ISNUMBER(SEARCH("hold",C43)),"hold", ISNUMBER(SEARCH("youth",C43)),"youth", ISNUMBER(SEARCH("juve",C43)),"youth", OR(ISNUMBER(SEARCH("health",B43)),ISNUMBER(SEARCH("care ",B43)),ISNUMBER(SEARCH("psych",B43)),ISNUMBER(SEARCH("medical",B43)),ISNUMBER(SEARCH("hospital",B43))),"medical", ISNUMBER(SEARCH("correct",B43)),"correctional", ISNUMBER(SEARCH("process",B43)),"processing", ISNUMBER(SEARCH("detention center",B43)),"detention", ISNUMBER(SEARCH("detention fac",B43)),"detention", ISNUMBER(SEARCH("staging",B43)),"staging", ISNUMBER(SEARCH("prison",B43)),"prison", ISNUMBER(SEARCH("penet",B43)),"prison", ISNUMBER(SEARCH("jail",B43)),"jail", ISNUMBER(SEARCH("detention",B43)),"detention", ISNUMBER(SEARCH("sheriff",B43)),"sheriff/police", ISNUMBER(SEARCH("police",B43)),"sheriff/police", TRUE,"" )} -> hold | H43: =INDEX(Sheet2!B:B,MATCH(C43,Sheet2!A:A,0),1) -> 12048 | I43: =3-COUNTBLANK(D43:F43) -> 2 | J43: =IF(I43>=2,H43,0) -> 12048
A44: BIG SPRING HOLD ROOM | B44: Folkston Main I.C.E. Processing Center | C44: FIPCMGA | D44: GA | G44: {=_xlfn.IFS( ISNUMBER(SEARCH("hold",C44)),"hold", ISNUMBER(SEARCH("youth",C44)),"youth", ISNUMBER(SEARCH("juve",C44)),"youth", OR(ISNUMBER(SEARCH("health",B44)),ISNUMBER(SEARCH("care ",B44)),ISNUMBER(SEARCH("psych",B44)),ISNUMBER(SEARCH("medical",B44)),ISNUMBER(SEARCH("hospital",B44))),"medical", ISNUMBER(SEARCH("correct",B44)),"correctional", ISNUMBER(SEARCH("process",B44)),"processing", ISNUMBER(SEARCH("detention center",B44)),"detention", ISNUMBER(SEARCH("detention fac",B44)),"detention", ISNUMBER(SEARCH("staging",B44)),"staging", ISNUMBER(SEARCH("prison",B44)),"prison", ISNUMBER(SEARCH("penet",B44)),"prison", ISNUMBER(SEARCH("jail",B44)),"jail", ISNUMBER(SEARCH("detention",B44)),"detention", ISNUMBER(SEARCH("sheriff",B44)),"sheriff/police", ISNUMBER(SEARCH("police",B44)),"sheriff/police", TRUE,"" )} -> processing | H44: =INDEX(Sheet2!B:B,MATCH(C44,Sheet2!A:A,0),1) -> 11813 | I44: =3-COUNTBLANK(D44:F44) -> 1 | J44: =IF(I44>=2,H44,0) -> 0
A45: BILLINGS HOLD ROOM | B45: Buffalo Service Processing Center | C45: BTV | D45: NY | E45: Buffalo | G45: {=_xlfn.IFS( ISNUMBER(SEARCH("hold",C45)),"hold", ISNUMBER(SEARCH("youth",C45)),"youth", ISNUMBER(SEARCH("juve",C45)),"youth", OR(ISNUMBER(SEARCH("health",B45)),ISNUMBER(SEARCH("care ",B45)),ISNUMBER(SEARCH("psych",B45)),ISNUMBER(SEARCH("medical",B45)),ISNUMBER(SEARCH("hospital",B45))),"medical", ISNUMBER(SEARCH("correct",B45)),"correctional", ISNUMBER(SEARCH("process",B45)),"processing", ISNUMBER(SEARCH("detention center",B45)),"detention", ISNUMBER(SEARCH("detention fac",B45)),"detention", ISNUMBER(SEARCH("staging",B45)),"staging", ISNUMBER(SEARCH("prison",B45)),"prison", ISNUMBER(SEARCH("penet",B45)),"prison", ISNUMBER(SEARCH("jail",B45)),"jail", ISNUMBER(SEARCH("detention",B45)),"detention", ISNUMBER(SEARCH("sheriff",B45)),"sheriff/police", ISNUMBER(SEARCH("police",B45)),"sheriff/police", TRUE,"" )} -> processing | H45: =INDEX(Sheet2!B:B,MATCH(C45,Sheet2!A:A,0),1) -> 10523 | I45: =3-COUNTBLANK(D45:F45) -> 2 | J45: =IF(I45>=2,H45,0) -> 10523
A46: BIRMINGHAM HOLD ROOM | B46: Northwest I.C.E. Processing Center | C46: CSCNWWA | D46: WA | E46: Tacoma | G46: {=_xlfn.IFS( ISNUMBER(SEARCH("hold",C46)),"hold", ISNUMBER(SEARCH("youth",C46)),"youth", ISNUMBER(SEARCH("juve",C46)),"youth", OR(ISNUMBER(SEARCH("health",B46)),ISNUMBER(SEARCH("care ",B46)),ISNUMBER(SEARCH("psych",B46)),ISNUMBER(SEARCH("medical",B46)),ISNUMBER(SEARCH("hospital",B46))),"medical", ISNUMBER(SEARCH("correct",B46)),"correctional", ISNUMBER(SEARCH("process",B46)),"processing", ISNUMBER(SEARCH("detention center",B46)),"detention", ISNUMBER(SEARCH("detention fac",B46)),"detention", ISNUMBER(SEARCH("staging",B46)),"staging", ISNUMBER(SEARCH("prison",B46)),"prison", ISNUMBER(SEARCH("penet",B46)),"prison", ISNUMBER(SEARCH("jail",B46)),"jail", ISNUMBER(SEARCH("detention",B46)),"detention", ISNUMBER(SEARCH("sheriff",B46)),"sheriff/police", ISNUMBER(SEARCH("police",B46)),"sheriff/police", TRUE,"" )} -> processing | H46: =INDEX(Sheet2!B:B,MATCH(C46,Sheet2!A:A,0),1) -> 10254 | I46: =3-COUNTBLANK(D46:F46) -> 2 | J46: =IF(I46>=2,H46,0) -> 10254
A47: BISHOP HENRY WHIPPLE FED BLDG | B47: Miami Staging Facility | C47: MSF | D47: FL | E47: Miami | G47: {=_xlfn.IFS( ISNUMBER(SEARCH("hold",C47)),"hold", ISNUMBER(SEARCH("youth",C47)),"youth", ISNUMBER(SEARCH("juve",C47)),"youth", OR(ISNUMBER(SEARCH("health",B47)),ISNUMBER(SEARCH("care ",B47)),ISNUMBER(SEARCH("psych",B47)),ISNUMBER(SEARCH("medical",B47)),ISNUMBER(SEARCH("hospital",B47))),"medical", ISNUMBER(SEARCH("correct",B47)),"correctional", ISNUMBER(SEARCH("process",B47)),"processing", ISNUMBER(SEARCH("detention center",B47)),"detention", ISNUMBER(SEARCH("detention fac",B47)),"detention", ISNUMBER(SEARCH("staging",B47)),"staging", ISNUMBER(SEARCH("prison",B47)),"prison", ISNUMBER(SEARCH("penet",B47)),"prison", ISNUMBER(SEARCH("jail",B47)),"jail", ISNUMBER(SEARCH("detention",B47)),"detention", ISNUMBER(SEARCH("sheriff",B47)),"sheriff/police", ISNUMBER(SEARCH("police",B47)),"sheriff/police", TRUE,"" )} -> staging | H47: =INDEX(Sheet2!B:B,MATCH(C47,Sheet2!A:A,0),1) -> 10230 | I47: =3-COUNTBLANK(D47:F47) -> 2 | J47: =IF(I47>=2,H47,0) -> 10230
A48: BLUEBONNET DET FCLTY | B48: Imperial Regional Adult Detention Facility | C48: IRADFCA | D48: CA | F48: Imperial | G48: {=_xlfn.IFS( ISNUMBER(SEARCH("hold",C48)),"hold", ISNUMBER(SEARCH("youth",C48)),"youth", ISNUMBER(SEARCH("juve",C48)),"youth", OR(ISNUMBER(SEARCH("health",B48)),ISNUMBER(SEARCH("care ",B48)),ISNUMBER(SEARCH("psych",B48)),ISNUMBER(SEARCH("medical",B48)),ISNUMBER(SEARCH("hospital",B48))),"medical", ISNUMBER(SEARCH("correct",B48)),"correctional", ISNUMBER(SEARCH("process",B48)),"processing", ISNUMBER(SEARCH("detention center",B48)),"detention", ISNUMBER(SEARCH("detention fac",B48)),"detention", ISNUMBER(SEARCH("staging",B48)),"staging", ISNUMBER(SEARCH("prison",B48)),"prison", ISNUMBER(SEARCH("penet",B48)),"prison", ISNUMBER(SEARCH("jail",B48)),"jail", ISNUMBER(SEARCH("detention",B48)),"detention", ISNUMBER(SEARCH("sheriff",B48)),"sheriff/police", ISNUMBER(SEARCH("police",B48)),"sheriff/police", TRUE,"" )} -> detention | H48: =INDEX(Sheet2!B:B,MATCH(C48,Sheet2!A:A,0),1) -> 9698 | I48: =3-COUNTBLANK(D48:F48) -> 2 | J48: =IF(I48>=2,H48,0) -> 9698
A49: BOISE HOLD ROOM | B49: Krome Hold Room | C49: KROHOLD | D49: FL | F49: Miami-Dade | G49: {=_xlfn.IFS( ISNUMBER(SEARCH("hold",C49)),"hold", ISNUMBER(SEARCH("youth",C49)),"youth", ISNUMBER(SEARCH("juve",C49)),"youth", OR(ISNUMBER(SEARCH("health",B49)),ISNUMBER(SEARCH("care ",B49)),ISNUMBER(SEARCH("psych",B49)),ISNUMBER(SEARCH("medical",B49)),ISNUMBER(SEARCH("hospital",B49))),"medical", ISNUMBER(SEARCH("correct",B49)),"correctional", ISNUMBER(SEARCH("process",B49)),"processing", ISNUMBER(SEARCH("detention center",B49)),"detention", ISNUMBER(SEARCH("detention fac",B49)),"detention", ISNUMBER(SEARCH("staging",B49)),"staging", ISNUMBER(SEARCH("prison",B49)),"prison", ISNUMBER(SEARCH("penet",B49)),"prison", ISNUMBER(SEARCH("jail",B49)),"jail", ISNUMBER(SEARCH("detention",B49)),"detention", ISNUMBER(SEARCH("sheriff",B49)),"sheriff/police", ISNUMBER(SEARCH("police",B49)),"sheriff/police", TRUE,"" )} -> hold | H49: =INDEX(Sheet2!B:B,MATCH(C49,Sheet2!A:A,0),1) -> 9545 | I49: =3-COUNTBLANK(D49:F49) -> 2 | J49: =IF(I49>=2,H49,0) -> 9545
A50: BOONE COUNTY JAIL | B50: San Antonio DRO Hold Room | C50: SNAHOLD | D50: TX | E50: San Antonio | G50: {=_xlfn.IFS( ISNUMBER(SEARCH("hold",C50)),"hold", ISNUMBER(SEARCH("youth",C50)),"youth", ISNUMBER(SEARCH("juve",C50)),"youth", OR(ISNUMBER(SEARCH("health",B50)),ISNUMBER(SEARCH("care ",B50)),ISNUMBER(SEARCH("psych",B50)),ISNUMBER(SEARCH("medical",B50)),ISNUMBER(SEARCH("hospital",B50))),"medical", ISNUMBER(SEARCH("correct",B50)),"correctional", ISNUMBER(SEARCH("process",B50)),"processing", ISNUMBER(SEARCH("detention center",B50)),"detention", ISNUMBER(SEARCH("detention fac",B50)),"detention", ISNUMBER(SEARCH("staging",B50)),"staging", ISNUMBER(SEARCH("prison",B50)),"prison", ISNUMBER(SEARCH("penet",B50)),"prison", ISNUMBER(SEARCH("jail",B50)),"jail", ISNUMBER(SEARCH("detention",B50)),"detention", ISNUMBER(SEARCH("sheriff",B50)),"sheriff/police", ISNUMBER(SEARCH("police",B50)),"sheriff/police", TRUE,"" )} -> hold | H50: =INDEX(Sheet2!B:B,MATCH(C50,Sheet2!A:A,0),1) -> 9258 | I50: =3-COUNTBLANK(D50:F50) -> 2 | J50: =IF(I50>=2,H50,0) -> 9258
A51: BOSTON HOLDROOM | B51: Orlando Hold Room | C51: ORLHOLD | D51: FL | E51: Orlando | G51: {=_xlfn.IFS( ISNUMBER(SEARCH("hold",C51)),"hold", ISNUMBER(SEARCH("youth",C51)),"youth", ISNUMBER(SEARCH("juve",C51)),"youth", OR(ISNUMBER(SEARCH("health",B51)),ISNUMBER(SEARCH("care ",B51)),ISNUMBER(SEARCH("psych",B51)),ISNUMBER(SEARCH("medical",B51)),ISNUMBER(SEARCH("hospital",B51))),"medical", ISNUMBER(SEARCH("correct",B51)),"correctional", ISNUMBER(SEARCH("process",B51)),"processing", ISNUMBER(SEARCH("detention center",B51)),"detention", ISNUMBER(SEARCH("detention fac",B51)),"detention", ISNUMBER(SEARCH("staging",B51)),"staging", ISNUMBER(SEARCH("prison",B51)),"prison", ISNUMBER(SEARCH("penet",B51)),"prison", ISNUMBER(SEARCH("jail",B51)),"jail", ISNUMBER(SEARCH("detention",B51)),"detention", ISNUMBER(SEARCH("sheriff",B51)),"sheriff/police", ISNUMBER(SEARCH("police",B51)),"sheriff/police", TRUE,"" )} -> hold | H51: =INDEX(Sheet2!B:B,MATCH(C51,Sheet2!A:A,0),1) -> 8718 | I51: =3-COUNTBLANK(D51:F51) -> 2 | J51: =IF(I51>=2,H51,0) -> 8718
A52: BOSTON SPC | B52: Richmond Sub-Office Hold | C52: RCMHOLD | D52: VA | E52: Richmond | G52: {=_xlfn.IFS( ISNUMBER(SEARCH("hold",C52)),"hold", ISNUMBER(SEARCH("youth",C52)),"youth", ISNUMBER(SEARCH("juve",C52)),"youth", OR(ISNUMBER(SEARCH("health",B52)),ISNUMBER(SEARCH("care ",B52)),ISNUMBER(SEARCH("psych",B52)),ISNUMBER(SEARCH("medical",B52)),ISNUMBER(SEARCH("hospital",B52))),"medical", ISNUMBER(SEARCH("correct",B52)),"correctional", ISNUMBER(SEARCH("process",B52)),"processing", ISNUMBER(SEARCH("detention center",B52)),"detention", ISNUMBER(SEARCH("detention fac",B52)),"detention", ISNUMBER(SEARCH("staging",B52)),"staging", ISNUMBER(SEARCH("prison",B52)),"prison", ISNUMBER(SEARCH("penet",B52)),"prison", ISNUMBER(SEARCH("jail",B52)),"jail", ISNUMBER(SEARCH("detention",B52)),"detention", ISNUMBER(SEARCH("sheriff",B52)),"sheriff/police", ISNUMBER(SEARCH("police",B52)),"sheriff/police", TRUE,"" )} -> hold | H52: =INDEX(Sheet2!B:B,MATCH(C52,Sheet2!A:A,0),1) -> 8587 | I52: =3-COUNTBLANK(D52:F52) -> 2 | J52: =IF(I52>=2,H52,0) -> 8587
A53: SIOUX FALLS HOLD ROOM | B53: Matsu Pre-Trial, Palmer Ak | C53: AKMATSU | D53: AK | G53: {=_xlfn.IFS( ISNUMBER(SEARCH("hold",C53)),"hold", ISNUMBER(SEARCH("youth",C53)),"youth", ISNUMBER(SEARCH("juve",C53)),"youth", OR(ISNUMBER(SEARCH("health",B53)),ISNUMBER(SEARCH("care ",B53)),ISNUMBER(SEARCH("psych",B53)),ISNUMBER(SEARCH("medical",B53)),ISNUMBER(SEARCH("hospital",B53))),"medical", ISNUMBER(SEARCH("correct",B53)),"correctional", ISNUMBER(SEARCH("process",B53)),"processing", ISNUMBER(SEARCH("detention center",B53)),"detention", ISNUMBER(SEARCH("detention fac",B53)),"detention", ISNUMBER(SEARCH("staging",B53)),"staging", ISNUMBER(SEARCH("prison",B53)),"prison", ISNUMBER(SEARCH("penet",B53)),"prison", ISNUMBER(SEARCH("jail",B53)),"jail", ISNUMBER(SEARCH("detention",B53)),"detention", ISNUMBER(SEARCH("sheriff",B53)),"sheriff/police", ISNUMBER(SEARCH("police",B53)),"sheriff/police", TRUE,"" )} | H53: =INDEX(Sheet2!B:B,MATCH(C53,Sheet2!A:A,0),1) -> 3 | I53: =3-COUNTBLANK(D53:F53) -> 1 | J53: =IF(I53>=2,H53,0) -> 0
A54: PRAIRIELAND SUBOFFICE HOLD ROOM | B54: Alamo Police Department | C54: ALAMOTX | D54: TX | G54: {=_xlfn.IFS( ISNUMBER(SEARCH("hold",C54)),"hold", ISNUMBER(SEARCH("youth",C54)),"youth", ISNUMBER(SEARCH("juve",C54)),"youth", OR(ISNUMBER(SEARCH("health",B54)),ISNUMBER(SEARCH("care ",B54)),ISNUMBER(SEARCH("psych",B54)),ISNUMBER(SEARCH("medical",B54)),ISNUMBER(SEARCH("hospital",B54))),"medical", ISNUMBER(SEARCH("correct",B54)),"correctional", ISNUMBER(SEARCH("process",B54)),"processing", ISNUMBER(SEARCH("detention center",B54)),"detention", ISNUMBER(SEARCH("detention fac",B54)),"detention", ISNUMBER(SEARCH("staging",B54)),"staging", ISNUMBER(SEARCH("prison",B54)),"prison", ISNUMBER(SEARCH("penet",B54)),"prison", ISNUMBER(SEARCH("jail",B54)),"jail", ISNUMBER(SEARCH("detention",B54)),"detention", ISNUMBER(SEARCH("sheriff",B54)),"sheriff/police", ISNUMBER(SEARCH("police",B54)),"sheriff/police", TRUE,"" )} -> sheriff/police | H54: =INDEX(Sheet2!B:B,MATCH(C54,Sheet2!A:A,0),1) -> 16 | I54: =3-COUNTBLANK(D54:F54) -> 1 | J54: =IF(I54>=2,H54,0) -> 0
A55: BRADFORD COUNTY JAIL | B55: Tampa Hold Room | C55: TAMHOLD | D55: FL | E55: Tampa | G55: {=_xlfn.IFS( ISNUMBER(SEARCH("hold",C55)),"hold", ISNUMBER(SEARCH("youth",C55)),"youth", ISNUMBER(SEARCH("juve",C55)),"youth", OR(ISNUMBER(SEARCH("health",B55)),ISNUMBER(SEARCH("care ",B55)),ISNUMBER(SEARCH("psych",B55)),ISNUMBER(SEARCH("medical",B55)),ISNUMBER(SEARCH("hospital",B55))),"medical", ISNUMBER(SEARCH("correct",B55)),"correctional", ISNUMBER(SEARCH("process",B55)),"processing", ISNUMBER(SEARCH("detention center",B55)),"detention", ISNUMBER(SEARCH("detention fac",B55)),"detention", ISNUMBER(SEARCH("staging",B55)),"staging", ISNUMBER(SEARCH("prison",B55)),"prison", ISNUMBER(SEARCH("penet",B55)),"prison", ISNUMBER(SEARCH("jail",B55)),"jail", ISNUMBER(SEARCH("detention",B55)),"detention", ISNUMBER(SEARCH("sheriff",B55)),"sheriff/police", ISNUMBER(SEARCH("police",B55)),"sheriff/police", TRUE,"" )} -> hold | H55: =INDEX(Sheet2!B:B,MATCH(C55,Sheet2!A:A,0),1) -> 8253 | I55: =3-COUNTBLANK(D55:F55) -> 2 | J55: =IF(I55>=2,H55,0) -> 8253
A56: BREVARD COUNTY JAIL COMPLEX | B56: Snd District Staging | C56: SNDHOLD | D56: CA | E56: San Diego | G56: {=_xlfn.IFS( ISNUMBER(SEARCH("hold",C56)),"hold", ISNUMBER(SEARCH("youth",C56)),"youth", ISNUMBER(SEARCH("juve",C56)),"youth", OR(ISNUMBER(SEARCH("health",B56)),ISNUMBER(SEARCH("care ",B56)),ISNUMBER(SEARCH("psych",B56)),ISNUMBER(SEARCH("medical",B56)),ISNUMBER(SEARCH("hospital",B56))),"medical", ISNUMBER(SEARCH("correct",B56)),"correctional", ISNUMBER(SEARCH("process",B56)),"processing", ISNUMBER(SEARCH("detention center",B56)),"detention", ISNUMBER(SEARCH("detention fac",B56)),"detention", ISNUMBER(SEARCH("staging",B56)),"staging", ISNUMBER(SEARCH("prison",B56)),"prison", ISNUMBER(SEARCH("penet",B56)),"prison", ISNUMBER(SEARCH("jail",B56)),"jail", ISNUMBER(SEARCH("detention",B56)),"detention", ISNUMBER(SEARCH("sheriff",B56)),"sheriff/police", ISNUMBER(SEARCH("police",B56)),"sheriff/police", TRUE,"" )} -> hold | H56: =INDEX(Sheet2!B:B,MATCH(C56,Sheet2!A:A,0),1) -> 8068 | I56: =3-COUNTBLANK(D56:F56) -> 2 | J56: =IF(I56>=2,H56,0) -> 8068
A57: PIKE COUNTY JAIL | B57: Alvarado Parkway Institute | C57: APIBHCA | D57: CA | G57: {=_xlfn.IFS( ISNUMBER(SEARCH("hold",C57)),"hold", ISNUMBER(SEARCH("youth",C57)),"youth", ISNUMBER(SEARCH("juve",C57)),"youth", OR(ISNUMBER(SEARCH("health",B57)),ISNUMBER(SEARCH("care ",B57)),ISNUMBER(SEARCH("psych",B57)),ISNUMBER(SEARCH("medical",B57)),ISNUMBER(SEARCH("hospital",B57))),"medical", ISNUMBER(SEARCH("correct",B57)),"correctional", ISNUMBER(SEARCH("process",B57)),"processing", ISNUMBER(SEARCH("detention center",B57)),"detention", ISNUMBER(SEARCH("detention fac",B57)),"detention", ISNUMBER(SEARCH("staging",B57)),"staging", ISNUMBER(SEARCH("prison",B57)),"prison", ISNUMBER(SEARCH("penet",B57)),"prison", ISNUMBER(SEARCH("jail",B57)),"jail", ISNUMBER(SEARCH("detention",B57)),"detention", ISNUMBER(SEARCH("sheriff",B57)),"sheriff/police", ISNUMBER(SEARCH("police",B57)),"sheriff/police", TRUE,"" )} | H57: =INDEX(Sheet2!B:B,MATCH(C57,Sheet2!A:A,0),1) -> 22 | I57: =3-COUNTBLANK(D57:F57) -> 1 | J57: =IF(I57>=2,H57,0) -> 0
A58: BROOME COUNTY JAIL | B58: San Luis Regional Detention Center | C58: SLRDCAZ | D58: AZ | G58: {=_xlfn.IFS( ISNUMBER(SEARCH("hold",C58)),"hold", ISNUMBER(SEARCH("youth",C58)),"youth", ISNUMBER(SEARCH("juve",C58)),"youth", OR(ISNUMBER(SEARCH("health",B58)),ISNUMBER(SEARCH("care ",B58)),ISNUMBER(SEARCH("psych",B58)),ISNUMBER(SEARCH("medical",B58)),ISNUMBER(SEARCH("hospital",B58))),"medical", ISNUMBER(SEARCH("correct",B58)),"correctional", ISNUMBER(SEARCH("process",B58)),"processing", ISNUMBER(SEARCH("detention center",B58)),"detention", ISNUMBER(SEARCH("detention fac",B58)),"detention", ISNUMBER(SEARCH("staging",B58)),"staging", ISNUMBER(SEARCH("prison",B58)),"prison", ISNUMBER(SEARCH("penet",B58)),"prison", ISNUMBER(SEARCH("jail",B58)),"jail", ISNUMBER(SEARCH("detention",B58)),"detention", ISNUMBER(SEARCH("sheriff",B58)),"sheriff/police", ISNUMBER(SEARCH("police",B58)),"sheriff/police", TRUE,"" )} -> detention | H58: =INDEX(Sheet2!B:B,MATCH(C58,Sheet2!A:A,0),1) -> 7948 | I58: =3-COUNTBLANK(D58:F58) -> 1 | J58: =IF(I58>=2,H58,0) -> 0
A59: BROWARD COUNTY JAIL | B59: Austin DRO Hold Room | C59: AUSHOLD | D59: TX | E59: Austin | G59: {=_xlfn.IFS( ISNUMBER(SEARCH("hold",C59)),"hold", ISNUMBER(SEARCH("youth",C59)),"youth", ISNUMBER(SEARCH("juve",C59)),"youth", OR(ISNUMBER(SEARCH("health",B59)),ISNUMBER(SEARCH("care ",B59)),ISNUMBER(SEARCH("psych",B59)),ISNUMBER(SEARCH("medical",B59)),ISNUMBER(SEARCH("hospital",B59))),"medical", ISNUMBER(SEARCH("correct",B59)),"correctional", ISNUMBER(SEARCH("process",B59)),"processing", ISNUMBER(SEARCH("detention center",B59)),"detention", ISNUMBER(SEARCH("detention fac",B59)),"detention", ISNUMBER(SEARCH("staging",B59)),"staging", ISNUMBER(SEARCH("prison",B59)),"prison", ISNUMBER(SEARCH("penet",B59)),"prison", ISNUMBER(SEARCH("jail",B59)),"jail", ISNUMBER(SEARCH("detention",B59)),"detention", ISNUMBER(SEARCH("sheriff",B59)),"sheriff/police", ISNUMBER(SEARCH("police",B59)),"sheriff/police", TRUE,"" )} -> hold | H59: =INDEX(Sheet2!B:B,MATCH(C59,Sheet2!A:A,0),1) -> 7946 | I59: =3-COUNTBLANK(D59:F59) -> 2 | J59: =IF(I59>=2,H59,0) -> 7946
A60: BROWARD GENERAL MEDICAL CENTER | B60: Pickens County Detention Center | C60: PCKNSAL | D60: AL | F60: Pickens | G60: {=_xlfn.IFS( ISNUMBER(SEARCH("hold",C60)),"hold", ISNUMBER(SEARCH("youth",C60)),"youth", ISNUMBER(SEARCH("juve",C60)),"youth", OR(ISNUMBER(SEARCH("health",B60)),ISNUMBER(SEARCH("care ",B60)),ISNUMBER(SEARCH("psych",B60)),ISNUMBER(SEARCH("medical",B60)),ISNUMBER(SEARCH("hospital",B60))),"medical", ISNUMBER(SEARCH("correct",B60)),"correctional", ISNUMBER(SEARCH("process",B60)),"processing", ISNUMBER(SEARCH("detention center",B60)),"detention", ISNUMBER(SEARCH("detention fac",B60)),"detention", ISNUMBER(SEARCH("staging",B60)),"staging", ISNUMBER(SEARCH("prison",B60)),"prison", ISNUMBER(SEARCH("penet",B60)),"prison", ISNUMBER(SEARCH("jail",B60)),"jail", ISNUMBER(SEARCH("detention",B60)),"detention", ISNUMBER(SEARCH("sheriff",B60)),"sheriff/police", ISNUMBER(SEARCH("police",B60)),"sheriff/police", TRUE,"" )} -> detention | H60: =INDEX(Sheet2!B:B,MATCH(C60,Sheet2!A:A,0),1) -> 7941 | I60: =3-COUNTBLANK(D60:F60) -> 2 | J60: =IF(I60>=2,H60,0) -> 7941
A61: BROWARD TRANSITIONAL CENTER | B61: Washington Field Office | C61: WASHOLD | G61: {=_xlfn.IFS( ISNUMBER(SEARCH("hold",C61)),"hold", ISNUMBER(SEARCH("youth",C61)),"youth", ISNUMBER(SEARCH("juve",C61)),"youth", OR(ISNUMBER(SEARCH("health",B61)),ISNUMBER(SEARCH("care ",B61)),ISNUMBER(SEARCH("psych",B61)),ISNUMBER(SEARCH("medical",B61)),ISNUMBER(SEARCH("hospital",B61))),"medical", ISNUMBER(SEARCH("correct",B61)),"correctional", ISNUMBER(SEARCH("process",B61)),"processing", ISNUMBER(SEARCH("detention center",B61)),"detention", ISNUMBER(SEARCH("detention fac",B61)),"detention", ISNUMBER(SEARCH("staging",B61)),"staging", ISNUMBER(SEARCH("prison",B61)),"prison", ISNUMBER(SEARCH("penet",B61)),"prison", ISNUMBER(SEARCH("jail",B61)),"jail", ISNUMBER(SEARCH("detention",B61)),"detention", ISNUMBER(SEARCH("sheriff",B61)),"sheriff/police", ISNUMBER(SEARCH("police",B61)),"sheriff/police", TRUE,"" )} -> hold | H61: =INDEX(Sheet2!B:B,MATCH(C61,Sheet2!A:A,0),1) -> 7939 | I61: =3-COUNTBLANK(D61:F61) -> 0 | J61: =IF(I61>=2,H61,0) -> 0
A62: BROWN COUNTY JAIL | B62: McAllen Hold Room | C62: MCAHOLD | D62: TX | E62: Mcallen | G62: {=_xlfn.IFS( ISNUMBER(SEARCH("hold",C62)),"hold", ISNUMBER(SEARCH("youth",C62)),"youth", ISNUMBER(SEARCH("juve",C62)),"youth", OR(ISNUMBER(SEARCH("health",B62)),ISNUMBER(SEARCH("care ",B62)),ISNUMBER(SEARCH("psych",B62)),ISNUMBER(SEARCH("medical",B62)),ISNUMBER(SEARCH("hospital",B62))),"medical", ISNUMBER(SEARCH("correct",B62)),"correctional", ISNUMBER(SEARCH("process",B62)),"processing", ISNUMBER(SEARCH("detention center",B62)),"detention", ISNUMBER(SEARCH("detention fac",B62)),"detention", ISNUMBER(SEARCH("staging",B62)),"staging", ISNUMBER(SEARCH("prison",B62)),"prison", ISNUMBER(SEARCH("penet",B62)),"prison", ISNUMBER(SEARCH("jail",B62)),"jail", ISNUMBER(SEARCH("detention",B62)),"detention", ISNUMBER(SEARCH("sheriff",B62)),"sheriff/police", ISNUMBER(SEARCH("police",B62)),"sheriff/police", TRUE,"" )} -> hold | H62: =INDEX(Sheet2!B:B,MATCH(C62,Sheet2!A:A,0),1) -> 7902 | I62: =3-COUNTBLANK(D62:F62) -> 2 | J62: =IF(I62>=2,H62,0) -> 7902
A63: BUFFALO HOLD ROOM | B63: Laredo Processing Center | C63: LRDICDF | D63: TX | E63: Laredo | G63: {=_xlfn.IFS( ISNUMBER(SEARCH("hold",C63)),"hold", ISNUMBER(SEARCH("youth",C63)),"youth", ISNUMBER(SEARCH("juve",C63)),"youth", OR(ISNUMBER(SEARCH("health",B63)),ISNUMBER(SEARCH("care ",B63)),ISNUMBER(SEARCH("psych",B63)),ISNUMBER(SEARCH("medical",B63)),ISNUMBER(SEARCH("hospital",B63))),"medical", ISNUMBER(SEARCH("correct",B63)),"correctional", ISNUMBER(SEARCH("process",B63)),"processing", ISNUMBER(SEARCH("detention center",B63)),"detention", ISNUMBER(SEARCH("detention fac",B63)),"detention", ISNUMBER(SEARCH("staging",B63)),"staging", ISNUMBER(SEARCH("prison",B63)),"prison", ISNUMBER(SEARCH("penet",B63)),"prison", ISNUMBER(SEARCH("jail",B63)),"jail", ISNUMBER(SEARCH("detention",B63)),"detention", ISNUMBER(SEARCH("sheriff",B63)),"sheriff/police", ISNUMBER(SEARCH("police",B63)),"sheriff/police", TRUE,"" )} -> processing | H63: =INDEX(Sheet2!B:B,MATCH(C63,Sheet2!A:A,0),1) -> 7694 | I63: =3-COUNTBLANK(D63:F63) -> 2 | J63: =IF(I63>=2,H63,0) -> 7694
A64: CRAIG HOLDROOM | B64: Allen Parish Public Safety Complex | C64: APPSCLA | D64: LA | F64: Allen | G64: {=_xlfn.IFS( ISNUMBER(SEARCH("hold",C64)),"hold", ISNUMBER(SEARCH("youth",C64)),"youth", ISNUMBER(SEARCH("juve",C64)),"youth", OR(ISNUMBER(SEARCH("health",B64)),ISNUMBER(SEARCH("care ",B64)),ISNUMBER(SEARCH("psych",B64)),ISNUMBER(SEARCH("medical",B64)),ISNUMBER(SEARCH("hospital",B64))),"medical", ISNUMBER(SEARCH("correct",B64)),"correctional", ISNUMBER(SEARCH("process",B64)),"processing", ISNUMBER(SEARCH("detention center",B64)),"detention", ISNUMBER(SEARCH("detention fac",B64)),"detention", ISNUMBER(SEARCH("staging",B64)),"staging", ISNUMBER(SEARCH("prison",B64)),"prison", ISNUMBER(SEARCH("penet",B64)),"prison", ISNUMBER(SEARCH("jail",B64)),"jail", ISNUMBER(SEARCH("detention",B64)),"detention", ISNUMBER(SEARCH("sheriff",B64)),"sheriff/police", ISNUMBER(SEARCH("police",B64)),"sheriff/police", TRUE,"" )} | H64: =INDEX(Sheet2!B:B,MATCH(C64,Sheet2!A:A,0),1) -> 2132 | I64: =3-COUNTBLANK(D64:F64) -> 2 | J64: =IF(I64>=2,H64,0) -> 2132
A65: BUFFALO USBP HOLD ROOM | B65: Farmville Detention Center | C65: FRMVLVA | D65: VA | G65: {=_xlfn.IFS( ISNUMBER(SEARCH("hold",C65)),"hold", ISNUMBER(SEARCH("youth",C65)),"youth", ISNUMBER(SEARCH("juve",C65)),"youth", OR(ISNUMBER(SEARCH("health",B65)),ISNUMBER(SEARCH("care ",B65)),ISNUMBER(SEARCH("psych",B65)),ISNUMBER(SEARCH("medical",B65)),ISNUMBER(SEARCH("hospital",B65))),"medical", ISNUMBER(SEARCH("correct",B65)),"correctional", ISNUMBER(SEARCH("process",B65)),"processing", ISNUMBER(SEARCH("detention center",B65)),"detention", ISNUMBER(SEARCH("detention fac",B65)),"detention", ISNUMBER(SEARCH("staging",B65)),"staging", ISNUMBER(SEARCH("prison",B65)),"prison", ISNUMBER(SEARCH("penet",B65)),"prison", ISNUMBER(SEARCH("jail",B65)),"jail", ISNUMBER(SEARCH("detention",B65)),"detention", ISNUMBER(SEARCH("sheriff",B65)),"sheriff/police", ISNUMBER(SEARCH("police",B65)),"sheriff/police", TRUE,"" )} -> detention | H65: =INDEX(Sheet2!B:B,MATCH(C65,Sheet2!A:A,0),1) -> 7001 | I65: =3-COUNTBLANK(D65:F65) -> 1 | J65: =IF(I65>=2,H65,0) -> 0
A66: BURLEIGH CO. JAIL, ND | B66: Harlingen Hold Room | C66: HLGHOLD | D66: TX | E66: Harlingen | G66: {=_xlfn.IFS( ISNUMBER(SEARCH("hold",C66)),"hold", ISNUMBER(SEARCH("youth",C66)),"youth", ISNUMBER(SEARCH("juve",C66)),"youth", OR(ISNUMBER(SEARCH("health",B66)),ISNUMBER(SEARCH("care ",B66)),ISNUMBER(SEARCH("psych",B66)),ISNUMBER(SEARCH("medical",B66)),ISNUMBER(SEARCH("hospital",B66))),"medical", ISNUMBER(SEARCH("correct",B66)),"correctional", ISNUMBER(SEARCH("process",B66)),"processing", ISNUMBER(SEARCH("detention center",B66)),"detention", ISNUMBER(SEARCH("detention fac",B66)),"detention", ISNUMBER(SEARCH("staging",B66)),"staging", ISNUMBER(SEARCH("prison",B66)),"prison", ISNUMBER(SEARCH("penet",B66)),"prison", ISNUMBER(SEARCH("jail",B66)),"jail", ISNUMBER(SEARCH("detention",B66)),"detention", ISNUMBER(SEARCH("sheriff",B66)),"sheriff/police", ISNUMBER(SEARCH("police",B66)),"sheriff/police", TRUE,"" )} -> hold | H66: =INDEX(Sheet2!B:B,MATCH(C66,Sheet2!A:A,0),1) -> 6946 | I66: =3-COUNTBLANK(D66:F66) -> 2 | J66: =IF(I66>=2,H66,0) -> 6946
A67: CASPER HOLDROOM | B67: Baker County Sheriff Department | C67: BAKERFL | D67: FL | F67: Baker | G67: {=_xlfn.IFS( ISNUMBER(SEARCH("hold",C67)),"hold", ISNUMBER(SEARCH("youth",C67)),"youth", ISNUMBER(SEARCH("juve",C67)),"youth", OR(ISNUMBER(SEARCH("health",B67)),ISNUMBER(SEARCH("care ",B67)),ISNUMBER(SEARCH("psych",B67)),ISNUMBER(SEARCH("medical",B67)),ISNUMBER(SEARCH("hospital",B67))),"medical", ISNUMBER(SEARCH("correct",B67)),"correctional", ISNUMBER(SEARCH("process",B67)),"processing", ISNUMBER(SEARCH("detention center",B67)),"detention", ISNUMBER(SEARCH("detention fac",B67)),"detention", ISNUMBER(SEARCH("staging",B67)),"staging", ISNUMBER(SEARCH("prison",B67)),"prison", ISNUMBER(SEARCH("penet",B67)),"prison", ISNUMBER(SEARCH("jail",B67)),"jail", ISNUMBER(SEARCH("detention",B67)),"detention", ISNUMBER(SEARCH("sheriff",B67)),"sheriff/police", ISNUMBER(SEARCH("police",B67)),"sheriff/police", TRUE,"" )} -> sheriff/police | H67: =INDEX(Sheet2!B:B,MATCH(C67,Sheet2!A:A,0),1) -> 5023 | I67: =3-COUNTBLANK(D67:F67) -> 2 | J67: =IF(I67>=2,H67,0) -> 5023
A68: BUTLER COUNTY JAIL | B68: T Don Hutto Detention Center | C68: CCAHUTX | D68: TX | E68: Taylor | G68: {=_xlfn.IFS( ISNUMBER(SEARCH("hold",C68)),"hold", ISNUMBER(SEARCH("youth",C68)),"youth", ISNUMBER(SEARCH("juve",C68)),"youth", OR(ISNUMBER(SEARCH("health",B68)),ISNUMBER(SEARCH("care ",B68)),ISNUMBER(SEARCH("psych",B68)),ISNUMBER(SEARCH("medical",B68)),ISNUMBER(SEARCH("hospital",B68))),"medical", ISNUMBER(SEARCH("correct",B68)),"correctional", ISNUMBER(SEARCH("process",B68)),"processing", ISNUMBER(SEARCH("detention center",B68)),"detention", ISNUMBER(SEARCH("detention fac",B68)),"detention", ISNUMBER(SEARCH("staging",B68)),"staging", ISNUMBER(SEARCH("prison",B68)),"prison", ISNUMBER(SEARCH("penet",B68)),"prison", ISNUMBER(SEARCH("jail",B68)),"jail", ISNUMBER(SEARCH("detention",B68)),"detention", ISNUMBER(SEARCH("sheriff",B68)),"sheriff/police", ISNUMBER(SEARCH("police",B68)),"sheriff/police", TRUE,"" )} -> detention | H68: =INDEX(Sheet2!B:B,MATCH(C68,Sheet2!A:A,0),1) -> 6659 | I68: =3-COUNTBLANK(D68:F68) -> 2 | J68: =IF(I68>=2,H68,0) -> 6659
A69: CBP MOVEMENT COORDINATION AREA | B69: Webb County Detention Center (Corrections Corporation of America) | C69: WEBDCTX | D69: TX | F69: Webb | G69: {=_xlfn.IFS( ISNUMBER(SEARCH("hold",C69)),"hold", ISNUMBER(SEARCH("youth",C69)),"youth", ISNUMBER(SEARCH("juve",C69)),"youth", OR(ISNUMBER(SEARCH("health",B69)),ISNUMBER(SEARCH("care ",B69)),ISNUMBER(SEARCH("psych",B69)),ISNUMBER(SEARCH("medical",B69)),ISNUMBER(SEARCH("hospital",B69))),"medical", ISNUMBER(SEARCH("correct",B69)),"correctional", ISNUMBER(SEARCH("process",B69)),"processing", ISNUMBER(SEARCH("detention center",B69)),"detention", ISNUMBER(SEARCH("detention fac",B69)),"detention", ISNUMBER(SEARCH("staging",B69)),"staging", ISNUMBER(SEARCH("prison",B69)),"prison", ISNUMBER(SEARCH("penet",B69)),"prison", ISNUMBER(SEARCH("jail",B69)),"jail", ISNUMBER(SEARCH("detention",B69)),"detention", ISNUMBER(SEARCH("sheriff",B69)),"sheriff/police", ISNUMBER(SEARCH("police",B69)),"sheriff/police", TRUE,"" )} -> correctional | H69: =INDEX(Sheet2!B:B,MATCH(C69,Sheet2!A:A,0),1) -> 6566 | I69: =3-COUNTBLANK(D69:F69) -> 2 | J69: =IF(I69>=2,H69,0) -> 6566
A70: Cabarrus County Jail | B70: Indianapolis Hold Room | C70: INPHOLD | D70: IN | E70: Indianapolis | G70: {=_xlfn.IFS( ISNUMBER(SEARCH("hold",C70)),"hold", ISNUMBER(SEARCH("youth",C70)),"youth", ISNUMBER(SEARCH("juve",C70)),"youth", OR(ISNUMBER(SEARCH("health",B70)),ISNUMBER(SEARCH("care ",B70)),ISNUMBER(SEARCH("psych",B70)),ISNUMBER(SEARCH("medical",B70)),ISNUMBER(SEARCH("hospital",B70))),"medical", ISNUMBER(SEARCH("correct",B70)),"correctional", ISNUMBER(SEARCH("process",B70)),"processing", ISNUMBER(SEARCH("detention center",B70)),"detention", ISNUMBER(SEARCH("detention fac",B70)),"detention", ISNUMBER(SEARCH("staging",B70)),"staging", ISNUMBER(SEARCH("prison",B70)),"prison", ISNUMBER(SEARCH("penet",B70)),"prison", ISNUMBER(SEARCH("jail",B70)),"jail", ISNUMBER(SEARCH("detention",B70)),"detention", ISNUMBER(SEARCH("sheriff",B70)),"sheriff/police", ISNUMBER(SEARCH("police",B70)),"sheriff/police", TRUE,"" )} -> hold | H70: =INDEX(Sheet2!B:B,MATCH(C70,Sheet2!A:A,0),1) -> 6441 | I70: =3-COUNTBLANK(D70:F70) -> 2 | J70: =IF(I70>=2,H70,0) -> 6441
A71: CACHE CO. JAIL | B71: Corrections Corporation of America, Florence Correctional Center | C71: CCAFLAZ | D71: AZ | E71: Florence | G71: {=_xlfn.IFS( ISNUMBER(SEARCH("hold",C71)),"hold", ISNUMBER(SEARCH("youth",C71)),"youth", ISNUMBER(SEARCH("juve",C71)),"youth", OR(ISNUMBER(SEARCH("health",B71)),ISNUMBER(SEARCH("care ",B71)),ISNUMBER(SEARCH("psych",B71)),ISNUMBER(SEARCH("medical",B71)),ISNUMBER(SEARCH("hospital",B71))),"medical", ISNUMBER(SEARCH("correct",B71)),"correctional", ISNUMBER(SEARCH("process",B71)),"processing", ISNUMBER(SEARCH("detention center",B71)),"detention", ISNUMBER(SEARCH("detention fac",B71)),"detention", ISNUMBER(SEARCH("staging",B71)),"staging", ISNUMBER(SEARCH("prison",B71)),"prison", ISNUMBER(SEARCH("penet",B71)),"prison", ISNUMBER(SEARCH("jail",B71)),"jail", ISNUMBER(SEARCH("detention",B71)),"detention", ISNUMBER(SEARCH("sheriff",B71)),"sheriff/police", ISNUMBER(SEARCH("police",B71)),"sheriff/police", TRUE,"" )} -> correctional | H71: =INDEX(Sheet2!B:B,MATCH(C71,Sheet2!A:A,0),1) -> 6356 | I71: =3-COUNTBLANK(D71:F71) -> 2 | J71: =IF(I71>=2,H71,0) -> 6356
A72: CAL CITY ICE PROCESSING CENTER | B72: River Correctional Center | C72: RVRCCLA | D72: LA | E72: Ferriday | G72: {=_xlfn.IFS( ISNUMBER(SEARCH("hold",C72)),"hold", ISNUMBER(SEARCH("youth",C72)),"youth", ISNUMBER(SEARCH("juve",C72)),"youth", OR(ISNUMBER(SEARCH("health",B72)),ISNUMBER(SEARCH("care ",B72)),ISNUMBER(SEARCH("psych",B72)),ISNUMBER(SEARCH("medical",B72)),ISNUMBER(SEARCH("hospital",B72))),"medical", ISNUMBER(SEARCH("correct",B72)),"correctional", ISNUMBER(SEARCH("process",B72)),"processing", ISNUMBER(SEARCH("detention center",B72)),"detention", ISNUMBER(SEARCH("detention fac",B72)),"detention", ISNUMBER(SEARCH("staging",B72)),"staging", ISNUMBER(SEARCH("prison",B72)),"prison", ISNUMBER(SEARCH("penet",B72)),"prison", ISNUMBER(SEARCH("jail",B72)),"jail", ISNUMBER(SEARCH("detention",B72)),"detention", ISNUMBER(SEARCH("sheriff",B72)),"sheriff/police", ISNUMBER(SEARCH("police",B72)),"sheriff/police", TRUE,"" )} -> correctional | H72: =INDEX(Sheet2!B:B,MATCH(C72,Sheet2!A:A,0),1) -> 6323 | I72: =3-COUNTBLANK(D72:F72) -> 2 | J72: =IF(I72>=2,H72,0) -> 6323
A73: PROVO HOLD ROOM | B73: Bay County | C73: BAYCOFL | D73: FL | F73: Bay | G73: {=_xlfn.IFS( ISNUMBER(SEARCH("hold",C73)),"hold", ISNUMBER(SEARCH("youth",C73)),"youth", ISNUMBER(SEARCH("juve",C73)),"youth", OR(ISNUMBER(SEARCH("health",B73)),ISNUMBER(SEARCH("care ",B73)),ISNUMBER(SEARCH("psych",B73)),ISNUMBER(SEARCH("medical",B73)),ISNUMBER(SEARCH("hospital",B73))),"medical", ISNUMBER(SEARCH("correct",B73)),"correctional", ISNUMBER(SEARCH("process",B73)),"processing", ISNUMBER(SEARCH("detention center",B73)),"detention", ISNUMBER(SEARCH("detention fac",B73)),"detention", ISNUMBER(SEARCH("staging",B73)),"staging", ISNUMBER(SEARCH("prison",B73)),"prison", ISNUMBER(SEARCH("penet",B73)),"prison", ISNUMBER(SEARCH("jail",B73)),"jail", ISNUMBER(SEARCH("detention",B73)),"detention", ISNUMBER(SEARCH("sheriff",B73)),"sheriff/police", ISNUMBER(SEARCH("police",B73)),"sheriff/police", TRUE,"" )} | H73: =INDEX(Sheet2!B:B,MATCH(C73,Sheet2!A:A,0),1) -> 15 | I73: =3-COUNTBLANK(D73:F73) -> 2 | J73: =IF(I73>=2,H73,0) -> 15
A74: CALIF. MEN COLONY, WEST | B74: Nevada Southern Detention Center | C74: NVSDCNV | D74: NV | G74: {=_xlfn.IFS( ISNUMBER(SEARCH("hold",C74)),"hold", ISNUMBER(SEARCH("youth",C74)),"youth", ISNUMBER(SEARCH("juve",C74)),"youth", OR(ISNUMBER(SEARCH("health",B74)),ISNUMBER(SEARCH("care ",B74)),ISNUMBER(SEARCH("psych",B74)),ISNUMBER(SEARCH("medical",B74)),ISNUMBER(SEARCH("hospital",B74))),"medical", ISNUMBER(SEARCH("correct",B74)),"correctional", ISNUMBER(SEARCH("process",B74)),"processing", ISNUMBER(SEARCH("detention center",B74)),"detention", ISNUMBER(SEARCH("detention fac",B74)),"detention", ISNUMBER(SEARCH("staging",B74)),"staging", ISNUMBER(SEARCH("prison",B74)),"prison", ISNUMBER(SEARCH("penet",B74)),"prison", ISNUMBER(SEARCH("jail",B74)),"jail", ISNUMBER(SEARCH("detention",B74)),"detention", ISNUMBER(SEARCH("sheriff",B74)),"sheriff/police", ISNUMBER(SEARCH("police",B74)),"sheriff/police", TRUE,"" )} -> detention | H74: =INDEX(Sheet2!B:B,MATCH(C74,Sheet2!A:A,0),1) -> 6246 | I74: =3-COUNTBLANK(D74:F74) -> 1 | J74: =IF(I74>=2,H74,0) -> 0
A75: ORLANDO HOLD ROOM | B75: Bi Incororated, Geo Group Company | C75: BIINCCO | D75: CO | G75: {=_xlfn.IFS( ISNUMBER(SEARCH("hold",C75)),"hold", ISNUMBER(SEARCH("youth",C75)),"youth", ISNUMBER(SEARCH("juve",C75)),"youth", OR(ISNUMBER(SEARCH("health",B75)),ISNUMBER(SEARCH("care ",B75)),ISNUMBER(SEARCH("psych",B75)),ISNUMBER(SEARCH("medical",B75)),ISNUMBER(SEARCH("hospital",B75))),"medical", ISNUMBER(SEARCH("correct",B75)),"correctional", ISNUMBER(SEARCH("process",B75)),"processing", ISNUMBER(SEARCH("detention center",B75)),"detention", ISNUMBER(SEARCH("detention fac",B75)),"detention", ISNUMBER(SEARCH("staging",B75)),"staging", ISNUMBER(SEARCH("prison",B75)),"prison", ISNUMBER(SEARCH("penet",B75)),"prison", ISNUMBER(SEARCH("jail",B75)),"jail", ISNUMBER(SEARCH("detention",B75)),"detention", ISNUMBER(SEARCH("sheriff",B75)),"sheriff/police", ISNUMBER(SEARCH("police",B75)),"sheriff/police", TRUE,"" )} | H75: =INDEX(Sheet2!B:B,MATCH(C75,Sheet2!A:A,0),1) -> 38 | I75: =3-COUNTBLANK(D75:F75) -> 1 | J75: =IF(I75>=2,H75,0) -> 0
A76: CAMPBELL CO DET CTR | B76: Bishop Henry Whipple Federal Building | C76: SPMHOLD | D76: MN | F76: Hennepin | G76: {=_xlfn.IFS( ISNUMBER(SEARCH("hold",C76)),"hold", ISNUMBER(SEARCH("youth",C76)),"youth", ISNUMBER(SEARCH("juve",C76)),"youth", OR(ISNUMBER(SEARCH("health",B76)),ISNUMBER(SEARCH("care ",B76)),ISNUMBER(SEARCH("psych",B76)),ISNUMBER(SEARCH("medical",B76)),ISNUMBER(SEARCH("hospital",B76))),"medical", ISNUMBER(SEARCH("correct",B76)),"correctional", ISNUMBER(SEARCH("process",B76)),"processing", ISNUMBER(SEARCH("detention center",B76)),"detention", ISNUMBER(SEARCH("detention fac",B76)),"detention", ISNUMBER(SEARCH("staging",B76)),"staging", ISNUMBER(SEARCH("prison",B76)),"prison", ISNUMBER(SEARCH("penet",B76)),"prison", ISNUMBER(SEARCH("jail",B76)),"jail", ISNUMBER(SEARCH("detention",B76)),"detention", ISNUMBER(SEARCH("sheriff",B76)),"sheriff/police", ISNUMBER(SEARCH("police",B76)),"sheriff/police", TRUE,"" )} -> hold | H76: =INDEX(Sheet2!B:B,MATCH(C76,Sheet2!A:A,0),1) -> 5868 | I76: =3-COUNTBLANK(D76:F76) -> 2 | J76: =IF(I76>=2,H76,0) -> 5868
A77: CAMPBELL COUNTY JAIL | B77: Adelanto I.C.E. Processing Center | C77: ADLNTCA | D77: CA | G77: {=_xlfn.IFS( ISNUMBER(SEARCH("hold",C77)),"hold", ISNUMBER(SEARCH("youth",C77)),"youth", ISNUMBER(SEARCH("juve",C77)),"youth", OR(ISNUMBER(SEARCH("health",B77)),ISNUMBER(SEARCH("care ",B77)),ISNUMBER(SEARCH("psych",B77)),ISNUMBER(SEARCH("medical",B77)),ISNUMBER(SEARCH("hospital",B77))),"medical", ISNUMBER(SEARCH("correct",B77)),"correctional", ISNUMBER(SEARCH("process",B77)),"processing", ISNUMBER(SEARCH("detention center",B77)),"detention", ISNUMBER(SEARCH("detention fac",B77)),"detention", ISNUMBER(SEARCH("staging",B77)),"staging", ISNUMBER(SEARCH("prison",B77)),"prison", ISNUMBER(SEARCH("penet",B77)),"prison", ISNUMBER(SEARCH("jail",B77)),"jail", ISNUMBER(SEARCH("detention",B77)),"detention", ISNUMBER(SEARCH("sheriff",B77)),"sheriff/police", ISNUMBER(SEARCH("police",B77)),"sheriff/police", TRUE,"" )} -> processing | H77: =INDEX(Sheet2!B:B,MATCH(C77,Sheet2!A:A,0),1) -> 5782 | I77: =3-COUNTBLANK(D77:F77) -> 1 | J77: =IF(I77>=2,H77,0) -> 0
A78: CAROLINE DETENTION FACILITY | B78: Salt Lake City Hold Room | C78: SLCHOLD | D78: UT | E78: Salt Lake City | G78: {=_xlfn.IFS( ISNUMBER(SEARCH("hold",C78)),"hold", ISNUMBER(SEARCH("youth",C78)),"youth", ISNUMBER(SEARCH("juve",C78)),"youth", OR(ISNUMBER(SEARCH("health",B78)),ISNUMBER(SEARCH("care ",B78)),ISNUMBER(SEARCH("psych",B78)),ISNUMBER(SEARCH("medical",B78)),ISNUMBER(SEARCH("hospital",B78))),"medical", ISNUMBER(SEARCH("correct",B78)),"correctional", ISNUMBER(SEARCH("process",B78)),"processing", ISNUMBER(SEARCH("detention center",B78)),"detention", ISNUMBER(SEARCH("detention fac",B78)),"detention", ISNUMBER(SEARCH("staging",B78)),"staging", ISNUMBER(SEARCH("prison",B78)),"prison", ISNUMBER(SEARCH("penet",B78)),"prison", ISNUMBER(SEARCH("jail",B78)),"jail", ISNUMBER(SEARCH("detention",B78)),"detention", ISNUMBER(SEARCH("sheriff",B78)),"sheriff/police", ISNUMBER(SEARCH("police",B78)),"sheriff/police", TRUE,"" )} -> hold | H78: =INDEX(Sheet2!B:B,MATCH(C78,Sheet2!A:A,0),1) -> 5557 | I78: =3-COUNTBLANK(D78:F78) -> 2 | J78: =IF(I78>=2,H78,0) -> 5557
A79: CASA GRANDE REG. MED. CENTER | B79: Alamance County Detention Facility | C79: ALAMCNC | D79: NC | F79: Alamance | G79: {=_xlfn.IFS( ISNUMBER(SEARCH("hold",C79)),"hold", ISNUMBER(SEARCH("youth",C79)),"youth", ISNUMBER(SEARCH("juve",C79)),"youth", OR(ISNUMBER(SEARCH("health",B79)),ISNUMBER(SEARCH("care ",B79)),ISNUMBER(SEARCH("psych",B79)),ISNUMBER(SEARCH("medical",B79)),ISNUMBER(SEARCH("hospital",B79))),"medical", ISNUMBER(SEARCH("correct",B79)),"correctional", ISNUMBER(SEARCH("process",B79)),"processing", ISNUMBER(SEARCH("detention center",B79)),"detention", ISNUMBER(SEARCH("detention fac",B79)),"detention", ISNUMBER(SEARCH("staging",B79)),"staging", ISNUMBER(SEARCH("prison",B79)),"prison", ISNUMBER(SEARCH("penet",B79)),"prison", ISNUMBER(SEARCH("jail",B79)),"jail", ISNUMBER(SEARCH("detention",B79)),"detention", ISNUMBER(SEARCH("sheriff",B79)),"sheriff/police", ISNUMBER(SEARCH("police",B79)),"sheriff/police", TRUE,"" )} -> detention | H79: =INDEX(Sheet2!B:B,MATCH(C79,Sheet2!A:A,0),1) -> 5347 | I79: =3-COUNTBLANK(D79:F79) -> 2 | J79: =IF(I79>=2,H79,0) -> 5347
A80: CASCADE COUNTY JAIL, MT | B80: Boston Hold Room | C80: BOSHOLD | D80: MA | E80: Boston | G80: {=_xlfn.IFS( ISNUMBER(SEARCH("hold",C80)),"hold", ISNUMBER(SEARCH("youth",C80)),"youth", ISNUMBER(SEARCH("juve",C80)),"youth", OR(ISNUMBER(SEARCH("health",B80)),ISNUMBER(SEARCH("care ",B80)),ISNUMBER(SEARCH("psych",B80)),ISNUMBER(SEARCH("medical",B80)),ISNUMBER(SEARCH("hospital",B80))),"medical", ISNUMBER(SEARCH("correct",B80)),"correctional", ISNUMBER(SEARCH("process",B80)),"processing", ISNUMBER(SEARCH("detention center",B80)),"detention", ISNUMBER(SEARCH("detention fac",B80)),"detention", ISNUMBER(SEARCH("staging",B80)),"staging", ISNUMBER(SEARCH("prison",B80)),"prison", ISNUMBER(SEARCH("penet",B80)),"prison", ISNUMBER(SEARCH("jail",B80)),"jail", ISNUMBER(SEARCH("detention",B80)),"detention", ISNUMBER(SEARCH("sheriff",B80)),"sheriff/police", ISNUMBER(SEARCH("police",B80)),"sheriff/police", TRUE,"" )} -> hold | H80: =INDEX(Sheet2!B:B,MATCH(C80,Sheet2!A:A,0),1) -> 5250 | I80: =3-COUNTBLANK(D80:F80) -> 2 | J80: =IF(I80>=2,H80,0) -> 5250
A81: DALLAS COUNTY JAIL-LEW STERRETT | B81: Atlanta U.S. Penitentiary | C81: BOPATL | D81: GA | E81: Atlanta | G81: {=_xlfn.IFS( ISNUMBER(SEARCH("hold",C81)),"hold", ISNUMBER(SEARCH("youth",C81)),"youth", ISNUMBER(SEARCH("juve",C81)),"youth", OR(ISNUMBER(SEARCH("health",B81)),ISNUMBER(SEARCH("care ",B81)),ISNUMBER(SEARCH("psych",B81)),ISNUMBER(SEARCH("medical",B81)),ISNUMBER(SEARCH("hospital",B81))),"medical", ISNUMBER(SEARCH("correct",B81)),"correctional", ISNUMBER(SEARCH("process",B81)),"processing", ISNUMBER(SEARCH("detention center",B81)),"detention", ISNUMBER(SEARCH("detention fac",B81)),"detention", ISNUMBER(SEARCH("staging",B81)),"staging", ISNUMBER(SEARCH("prison",B81)),"prison", ISNUMBER(SEARCH("penet",B81)),"prison", ISNUMBER(SEARCH("jail",B81)),"jail", ISNUMBER(SEARCH("detention",B81)),"detention", ISNUMBER(SEARCH("sheriff",B81)),"sheriff/police", ISNUMBER(SEARCH("police",B81)),"sheriff/police", TRUE,"" )} | H81: =INDEX(Sheet2!B:B,MATCH(C81,Sheet2!A:A,0),1) -> 2029 | I81: =3-COUNTBLANK(D81:F81) -> 2 | J81: =IF(I81>=2,H81,0) -> 2029
A82: CASS COUNTY JAIL | B82: Pinellas County Jail | C82: PINELFL | D82: FL | F82: Pinellas | G82: {=_xlfn.IFS( ISNUMBER(SEARCH("hold",C82)),"hold", ISNUMBER(SEARCH("youth",C82)),"youth", ISNUMBER(SEARCH("juve",C82)),"youth", OR(ISNUMBER(SEARCH("health",B82)),ISNUMBER(SEARCH("care ",B82)),ISNUMBER(SEARCH("psych",B82)),ISNUMBER(SEARCH("medical",B82)),ISNUMBER(SEARCH("hospital",B82))),"medical", ISNUMBER(SEARCH("correct",B82)),"correctional", ISNUMBER(SEARCH("process",B82)),"processing", ISNUMBER(SEARCH("detention center",B82)),"detention", ISNUMBER(SEARCH("detention fac",B82)),"detention", ISNUMBER(SEARCH("staging",B82)),"staging", ISNUMBER(SEARCH("prison",B82)),"prison", ISNUMBER(SEARCH("penet",B82)),"prison", ISNUMBER(SEARCH("jail",B82)),"jail", ISNUMBER(SEARCH("detention",B82)),"detention", ISNUMBER(SEARCH("sheriff",B82)),"sheriff/police", ISNUMBER(SEARCH("police",B82)),"sheriff/police", TRUE,"" )} -> jail | H82: =INDEX(Sheet2!B:B,MATCH(C82,Sheet2!A:A,0),1) -> 4710 | I82: =3-COUNTBLANK(D82:F82) -> 2 | J82: =IF(I82>=2,H82,0) -> 4710
A83: CEDAR RAPIDS HOLD ROOM | B83: Folkston Annex I.C.E. Processing Center | C83: FIPCAGA | D83: GA | G83: {=_xlfn.IFS( ISNUMBER(SEARCH("hold",C83)),"hold", ISNUMBER(SEARCH("youth",C83)),"youth", ISNUMBER(SEARCH("juve",C83)),"youth", OR(ISNUMBER(SEARCH("health",B83)),ISNUMBER(SEARCH("care ",B83)),ISNUMBER(SEARCH("psych",B83)),ISNUMBER(SEARCH("medical",B83)),ISNUMBER(SEARCH("hospital",B83))),"medical", ISNUMBER(SEARCH("correct",B83)),"correctional", ISNUMBER(SEARCH("process",B83)),"processing", ISNUMBER(SEARCH("detention center",B83)),"detention", ISNUMBER(SEARCH("detention fac",B83)),"detention", ISNUMBER(SEARCH("staging",B83)),"staging", ISNUMBER(SEARCH("prison",B83)),"prison", ISNUMBER(SEARCH("penet",B83)),"prison", ISNUMBER(SEARCH("jail",B83)),"jail", ISNUMBER(SEARCH("detention",B83)),"detention", ISNUMBER(SEARCH("sheriff",B83)),"sheriff/police", ISNUMBER(SEARCH("police",B83)),"sheriff/police", TRUE,"" )} -> processing | H83: =INDEX(Sheet2!B:B,MATCH(C83,Sheet2!A:A,0),1) -> 4687 | I83: =3-COUNTBLANK(D83:F83) -> 1 | J83: =IF(I83>=2,H83,0) -> 0
A84: CENTRAL ISLIP HOLD ROOM | B84: Oklahoma City Hold Room. | C84: OKCHOLD | D84: OK | E84: Oklahoma City | G84: {=_xlfn.IFS( ISNUMBER(SEARCH("hold",C84)),"hold", ISNUMBER(SEARCH("youth",C84)),"youth", ISNUMBER(SEARCH("juve",C84)),"youth", OR(ISNUMBER(SEARCH("health",B84)),ISNUMBER(SEARCH("care ",B84)),ISNUMBER(SEARCH("psych",B84)),ISNUMBER(SEARCH("medical",B84)),ISNUMBER(SEARCH("hospital",B84))),"medical", ISNUMBER(SEARCH("correct",B84)),"correctional", ISNUMBER(SEARCH("process",B84)),"processing", ISNUMBER(SEARCH("detention center",B84)),"detention", ISNUMBER(SEARCH("detention fac",B84)),"detention", ISNUMBER(SEARCH("staging",B84)),"staging", ISNUMBER(SEARCH("prison",B84)),"prison", ISNUMBER(SEARCH("penet",B84)),"prison", ISNUMBER(SEARCH("jail",B84)),"jail", ISNUMBER(SEARCH("detention",B84)),"detention", ISNUMBER(SEARCH("sheriff",B84)),"sheriff/police", ISNUMBER(SEARCH("police",B84)),"sheriff/police", TRUE,"" )} -> hold | H84: =INDEX(Sheet2!B:B,MATCH(C84,Sheet2!A:A,0),1) -> 4511 | I84: =3-COUNTBLANK(D84:F84) -> 2 | J84: =IF(I84>=2,H84,0) -> 4511
A85: CENTRAL LOUISIANA ICE PROC CTR | B85: Delaney Hall Detention Facility | C85: DHDFNJ | D85: NJ | G85: {=_xlfn.IFS( ISNUMBER(SEARCH("hold",C85)),"hold", ISNUMBER(SEARCH("youth",C85)),"youth", ISNUMBER(SEARCH("juve",C85)),"youth", OR(ISNUMBER(SEARCH("health",B85)),ISNUMBER(SEARCH("care ",B85)),ISNUMBER(SEARCH("psych",B85)),ISNUMBER(SEARCH("medical",B85)),ISNUMBER(SEARCH("hospital",B85))),"medical", ISNUMBER(SEARCH("correct",B85)),"correctional", ISNUMBER(SEARCH("process",B85)),"processing", ISNUMBER(SEARCH("detention center",B85)),"detention", ISNUMBER(SEARCH("detention fac",B85)),"detention", ISNUMBER(SEARCH("staging",B85)),"staging", ISNUMBER(SEARCH("prison",B85)),"prison", ISNUMBER(SEARCH("penet",B85)),"prison", ISNUMBER(SEARCH("jail",B85)),"jail", ISNUMBER(SEARCH("detention",B85)),"detention", ISNUMBER(SEARCH("sheriff",B85)),"sheriff/police", ISNUMBER(SEARCH("police",B85)),"sheriff/police", TRUE,"" )} -> detention | H85: =INDEX(Sheet2!B:B,MATCH(C85,Sheet2!A:A,0),1) -> 4475 | I85: =3-COUNTBLANK(D85:F85) -> 1 | J85: =IF(I85>=2,H85,0) -> 0
A86: CENTRAL VA REGIONAL JAIL | B86: Baltimore Hold Room | C86: BALHOLD | D86: MD | E86: Baltimore | G86: {=_xlfn.IFS( ISNUMBER(SEARCH("hold",C86)),"hold", ISNUMBER(SEARCH("youth",C86)),"youth", ISNUMBER(SEARCH("juve",C86)),"youth", OR(ISNUMBER(SEARCH("health",B86)),ISNUMBER(SEARCH("care ",B86)),ISNUMBER(SEARCH("psych",B86)),ISNUMBER(SEARCH("medical",B86)),ISNUMBER(SEARCH("hospital",B86))),"medical", ISNUMBER(SEARCH("correct",B86)),"correctional", ISNUMBER(SEARCH("process",B86)),"processing", ISNUMBER(SEARCH("detention center",B86)),"detention", ISNUMBER(SEARCH("detention fac",B86)),"detention", ISNUMBER(SEARCH("staging",B86)),"staging", ISNUMBER(SEARCH("prison",B86)),"prison", ISNUMBER(SEARCH("penet",B86)),"prison", ISNUMBER(SEARCH("jail",B86)),"jail", ISNUMBER(SEARCH("detention",B86)),"detention", ISNUMBER(SEARCH("sheriff",B86)),"sheriff/police", ISNUMBER(SEARCH("police",B86)),"sheriff/police", TRUE,"" )} -> hold | H86: =INDEX(Sheet2!B:B,MATCH(C86,Sheet2!A:A,0),1) -> 4334 | I86: =3-COUNTBLANK(D86:F86) -> 2 | J86: =IF(I86>=2,H86,0) -> 4334
A87: CENTRAL VALLEY ANNEX | B87: Caroline Detention Facility | C87: CARDFVA | D87: VA | G87: {=_xlfn.IFS( ISNUMBER(SEARCH("hold",C87)),"hold", ISNUMBER(SEARCH("youth",C87)),"youth", ISNUMBER(SEARCH("juve",C87)),"youth", OR(ISNUMBER(SEARCH("health",B87)),ISNUMBER(SEARCH("care ",B87)),ISNUMBER(SEARCH("psych",B87)),ISNUMBER(SEARCH("medical",B87)),ISNUMBER(SEARCH("hospital",B87))),"medical", ISNUMBER(SEARCH("correct",B87)),"correctional", ISNUMBER(SEARCH("process",B87)),"processing", ISNUMBER(SEARCH("detention center",B87)),"detention", ISNUMBER(SEARCH("detention fac",B87)),"detention", ISNUMBER(SEARCH("staging",B87)),"staging", ISNUMBER(SEARCH("prison",B87)),"prison", ISNUMBER(SEARCH("penet",B87)),"prison", ISNUMBER(SEARCH("jail",B87)),"jail", ISNUMBER(SEARCH("detention",B87)),"detention", ISNUMBER(SEARCH("sheriff",B87)),"sheriff/police", ISNUMBER(SEARCH("police",B87)),"sheriff/police", TRUE,"" )} -> detention | H87: =INDEX(Sheet2!B:B,MATCH(C87,Sheet2!A:A,0),1) -> 4277 | I87: =3-COUNTBLANK(D87:F87) -> 1 | J87: =IF(I87>=2,H87,0) -> 0
A88: CENTRAL WASHINGTON HOSPITAL | B88: Miami (Miramar) Hold Room | C88: MIAHOLD | D88: FL | E88: Miami | G88: {=_xlfn.IFS( ISNUMBER(SEARCH("hold",C88)),"hold", ISNUMBER(SEARCH("youth",C88)),"youth", ISNUMBER(SEARCH("juve",C88)),"youth", OR(ISNUMBER(SEARCH("health",B88)),ISNUMBER(SEARCH("care ",B88)),ISNUMBER(SEARCH("psych",B88)),ISNUMBER(SEARCH("medical",B88)),ISNUMBER(SEARCH("hospital",B88))),"medical", ISNUMBER(SEARCH("correct",B88)),"correctional", ISNUMBER(SEARCH("process",B88)),"processing", ISNUMBER(SEARCH("detention center",B88)),"detention", ISNUMBER(SEARCH("detention fac",B88)),"detention", ISNUMBER(SEARCH("staging",B88)),"staging", ISNUMBER(SEARCH("prison",B88)),"prison", ISNUMBER(SEARCH("penet",B88)),"prison", ISNUMBER(SEARCH("jail",B88)),"jail", ISNUMBER(SEARCH("detention",B88)),"detention", ISNUMBER(SEARCH("sheriff",B88)),"sheriff/police", ISNUMBER(SEARCH("police",B88)),"sheriff/police", TRUE,"" )} -> hold | H88: =INDEX(Sheet2!B:B,MATCH(C88,Sheet2!A:A,0),1) -> 4273 | I88: =3-COUNTBLANK(D88:F88) -> 2 | J88: =IF(I88>=2,H88,0) -> 4273
A89: CHAMPLAIN HOLD ROOM | B89: Orange County Jail | C89: ORANGFL | D89: FL | F89: Orange | G89: {=_xlfn.IFS( ISNUMBER(SEARCH("hold",C89)),"hold", ISNUMBER(SEARCH("youth",C89)),"youth", ISNUMBER(SEARCH("juve",C89)),"youth", OR(ISNUMBER(SEARCH("health",B89)),ISNUMBER(SEARCH("care ",B89)),ISNUMBER(SEARCH("psych",B89)),ISNUMBER(SEARCH("medical",B89)),ISNUMBER(SEARCH("hospital",B89))),"medical", ISNUMBER(SEARCH("correct",B89)),"correctional", ISNUMBER(SEARCH("process",B89)),"processing", ISNUMBER(SEARCH("detention center",B89)),"detention", ISNUMBER(SEARCH("detention fac",B89)),"detention", ISNUMBER(SEARCH("staging",B89)),"staging", ISNUMBER(SEARCH("prison",B89)),"prison", ISNUMBER(SEARCH("penet",B89)),"prison", ISNUMBER(SEARCH("jail",B89)),"jail", ISNUMBER(SEARCH("detention",B89)),"detention", ISNUMBER(SEARCH("sheriff",B89)),"sheriff/police", ISNUMBER(SEARCH("police",B89)),"sheriff/police", TRUE,"" )} -> jail | H89: =INDEX(Sheet2!B:B,MATCH(C89,Sheet2!A:A,0),1) -> 4092 | I89: =3-COUNTBLANK(D89:F89) -> 2 | J89: =IF(I89>=2,H89,0) -> 4092
A90: CHANDLER REG MED CTR | B90: Tulsa County Jail | C90: TULCOOK | D90: OK | F90: Tulsa | G90: {=_xlfn.IFS( ISNUMBER(SEARCH("hold",C90)),"hold", ISNUMBER(SEARCH("youth",C90)),"youth", ISNUMBER(SEARCH("juve",C90)),"youth", OR(ISNUMBER(SEARCH("health",B90)),ISNUMBER(SEARCH("care ",B90)),ISNUMBER(SEARCH("psych",B90)),ISNUMBER(SEARCH("medical",B90)),ISNUMBER(SEARCH("hospital",B90))),"medical", ISNUMBER(SEARCH("correct",B90)),"correctional", ISNUMBER(SEARCH("process",B90)),"processing", ISNUMBER(SEARCH("detention center",B90)),"detention", ISNUMBER(SEARCH("detention fac",B90)),"detention", ISNUMBER(SEARCH("staging",B90)),"staging", ISNUMBER(SEARCH("prison",B90)),"prison", ISNUMBER(SEARCH("penet",B90)),"prison", ISNUMBER(SEARCH("jail",B90)),"jail", ISNUMBER(SEARCH("detention",B90)),"detention", ISNUMBER(SEARCH("sheriff",B90)),"sheriff/police", ISNUMBER(SEARCH("police",B90)),"sheriff/police", TRUE,"" )} -> jail | H90: =INDEX(Sheet2!B:B,MATCH(C90,Sheet2!A:A,0),1) -> 4065 | I90: =3-COUNTBLANK(D90:F90) -> 2 | J90: =IF(I90>=2,H90,0) -> 4065
A91: TAMPA HOLD ROOM | B91: U.S. Penetentiary Canaan | C91: BOPCAA | G91: {=_xlfn.IFS( ISNUMBER(SEARCH("hold",C91)),"hold", ISNUMBER(SEARCH("youth",C91)),"youth", ISNUMBER(SEARCH("juve",C91)),"youth", OR(ISNUMBER(SEARCH("health",B91)),ISNUMBER(SEARCH("care ",B91)),ISNUMBER(SEARCH("psych",B91)),ISNUMBER(SEARCH("medical",B91)),ISNUMBER(SEARCH("hospital",B91))),"medical", ISNUMBER(SEARCH("correct",B91)),"correctional", ISNUMBER(SEARCH("process",B91)),"processing", ISNUMBER(SEARCH("detention center",B91)),"detention", ISNUMBER(SEARCH("detention fac",B91)),"detention", ISNUMBER(SEARCH("staging",B91)),"staging", ISNUMBER(SEARCH("prison",B91)),"prison", ISNUMBER(SEARCH("penet",B91)),"prison", ISNUMBER(SEARCH("jail",B91)),"jail", ISNUMBER(SEARCH("detention",B91)),"detention", ISNUMBER(SEARCH("sheriff",B91)),"sheriff/police", ISNUMBER(SEARCH("police",B91)),"sheriff/police", TRUE,"" )} -> prison | H91: =INDEX(Sheet2!B:B,MATCH(C91,Sheet2!A:A,0),1) -> 2 | I91: =3-COUNTBLANK(D91:F91) -> 0 | J91: =IF(I91>=2,H91,0) -> 0
A92: CHARLESTON, SC HOLD ROOM | B92: Coastal Bend Detention Facility | C92: CBENDTX | D92: TX | E92: Robstown | G92: {=_xlfn.IFS( ISNUMBER(SEARCH("hold",C92)),"hold", ISNUMBER(SEARCH("youth",C92)),"youth", ISNUMBER(SEARCH("juve",C92)),"youth", OR(ISNUMBER(SEARCH("health",B92)),ISNUMBER(SEARCH("care ",B92)),ISNUMBER(SEARCH("psych",B92)),ISNUMBER(SEARCH("medical",B92)),ISNUMBER(SEARCH("hospital",B92))),"medical", ISNUMBER(SEARCH("correct",B92)),"correctional", ISNUMBER(SEARCH("process",B92)),"processing", ISNUMBER(SEARCH("detention center",B92)),"detention", ISNUMBER(SEARCH("detention fac",B92)),"detention", ISNUMBER(SEARCH("staging",B92)),"staging", ISNUMBER(SEARCH("prison",B92)),"prison", ISNUMBER(SEARCH("penet",B92)),"prison", ISNUMBER(SEARCH("jail",B92)),"jail", ISNUMBER(SEARCH("detention",B92)),"detention", ISNUMBER(SEARCH("sheriff",B92)),"sheriff/police", ISNUMBER(SEARCH("police",B92)),"sheriff/police", TRUE,"" )} -> detention | H92: =INDEX(Sheet2!B:B,MATCH(C92,Sheet2!A:A,0),1) -> 3945 | I92: =3-COUNTBLANK(D92:F92) -> 2 | J92: =IF(I92>=2,H92,0) -> 3945
A93: CHARLOTTE AMALIE HOLDROOM | B93: Eden Detention Center | C93: EDNDCTX | D93: TX | G93: {=_xlfn.IFS( ISNUMBER(SEARCH("hold",C93)),"hold", ISNUMBER(SEARCH("youth",C93)),"youth", ISNUMBER(SEARCH("juve",C93)),"youth", OR(ISNUMBER(SEARCH("health",B93)),ISNUMBER(SEARCH("care ",B93)),ISNUMBER(SEARCH("psych",B93)),ISNUMBER(SEARCH("medical",B93)),ISNUMBER(SEARCH("hospital",B93))),"medical", ISNUMBER(SEARCH("correct",B93)),"correctional", ISNUMBER(SEARCH("process",B93)),"processing", ISNUMBER(SEARCH("detention center",B93)),"detention", ISNUMBER(SEARCH("detention fac",B93)),"detention", ISNUMBER(SEARCH("staging",B93)),"staging", ISNUMBER(SEARCH("prison",B93)),"prison", ISNUMBER(SEARCH("penet",B93)),"prison", ISNUMBER(SEARCH("jail",B93)),"jail", ISNUMBER(SEARCH("detention",B93)),"detention", ISNUMBER(SEARCH("sheriff",B93)),"sheriff/police", ISNUMBER(SEARCH("police",B93)),"sheriff/police", TRUE,"" )} -> detention | H93: =INDEX(Sheet2!B:B,MATCH(C93,Sheet2!A:A,0),1) -> 3826 | I93: =3-COUNTBLANK(D93:F93) -> 1 | J93: =IF(I93>=2,H93,0) -> 0
A94: CHARLOTTE CI, PUNTA GORDA | B94: Knox County Detention Facility | C94: KNXDFTN | D94: TN | F94: Knox | G94: {=_xlfn.IFS( ISNUMBER(SEARCH("hold",C94)),"hold", ISNUMBER(SEARCH("youth",C94)),"youth", ISNUMBER(SEARCH("juve",C94)),"youth", OR(ISNUMBER(SEARCH("health",B94)),ISNUMBER(SEARCH("care ",B94)),ISNUMBER(SEARCH("psych",B94)),ISNUMBER(SEARCH("medical",B94)),ISNUMBER(SEARCH("hospital",B94))),"medical", ISNUMBER(SEARCH("correct",B94)),"correctional", ISNUMBER(SEARCH("process",B94)),"processing", ISNUMBER(SEARCH("detention center",B94)),"detention", ISNUMBER(SEARCH("detention fac",B94)),"detention", ISNUMBER(SEARCH("staging",B94)),"staging", ISNUMBER(SEARCH("prison",B94)),"prison", ISNUMBER(SEARCH("penet",B94)),"prison", ISNUMBER(SEARCH("jail",B94)),"jail", ISNUMBER(SEARCH("detention",B94)),"detention", ISNUMBER(SEARCH("sheriff",B94)),"sheriff/police", ISNUMBER(SEARCH("police",B94)),"sheriff/police", TRUE,"" )} -> detention | H94: =INDEX(Sheet2!B:B,MATCH(C94,Sheet2!A:A,0),1) -> 3785 | I94: =3-COUNTBLANK(D94:F94) -> 2 | J94: =IF(I94>=2,H94,0) -> 3785
A95: CHARLOTTE COUNTY JAIL | B95: Dallas County Jail-Lew Sterrett | C95: DALCOTX | D95: TX | F95: Dallas | G95: {=_xlfn.IFS( ISNUMBER(SEARCH("hold",C95)),"hold", ISNUMBER(SEARCH("youth",C95)),"youth", ISNUMBER(SEARCH("juve",C95)),"youth", OR(ISNUMBER(SEARCH("health",B95)),ISNUMBER(SEARCH("care ",B95)),ISNUMBER(SEARCH("psych",B95)),ISNUMBER(SEARCH("medical",B95)),ISNUMBER(SEARCH("hospital",B95))),"medical", ISNUMBER(SEARCH("correct",B95)),"correctional", ISNUMBER(SEARCH("process",B95)),"processing", ISNUMBER(SEARCH("detention center",B95)),"detention", ISNUMBER(SEARCH("detention fac",B95)),"detention", ISNUMBER(SEARCH("staging",B95)),"staging", ISNUMBER(SEARCH("prison",B95)),"prison", ISNUMBER(SEARCH("penet",B95)),"prison", ISNUMBER(SEARCH("jail",B95)),"jail", ISNUMBER(SEARCH("detention",B95)),"detention", ISNUMBER(SEARCH("sheriff",B95)),"sheriff/police", ISNUMBER(SEARCH("police",B95)),"sheriff/police", TRUE,"" )} -> jail | H95: =INDEX(Sheet2!B:B,MATCH(C95,Sheet2!A:A,0),1) -> 3777 | I95: =3-COUNTBLANK(D95:F95) -> 2 | J95: =IF(I95>=2,H95,0) -> 3777
A96: CHARLOTTE HOLD ROOM | B96: Bakerfield Hold | C96: BKLHOLD | G96: {=_xlfn.IFS( ISNUMBER(SEARCH("hold",C96)),"hold", ISNUMBER(SEARCH("youth",C96)),"youth", ISNUMBER(SEARCH("juve",C96)),"youth", OR(ISNUMBER(SEARCH("health",B96)),ISNUMBER(SEARCH("care ",B96)),ISNUMBER(SEARCH("psych",B96)),ISNUMBER(SEARCH("medical",B96)),ISNUMBER(SEARCH("hospital",B96))),"medical", ISNUMBER(SEARCH("correct",B96)),"correctional", ISNUMBER(SEARCH("process",B96)),"processing", ISNUMBER(SEARCH("detention center",B96)),"detention", ISNUMBER(SEARCH("detention fac",B96)),"detention", ISNUMBER(SEARCH("staging",B96)),"staging", ISNUMBER(SEARCH("prison",B96)),"prison", ISNUMBER(SEARCH("penet",B96)),"prison", ISNUMBER(SEARCH("jail",B96)),"jail", ISNUMBER(SEARCH("detention",B96)),"detention", ISNUMBER(SEARCH("sheriff",B96)),"sheriff/police", ISNUMBER(SEARCH("police",B96)),"sheriff/police", TRUE,"" )} -> hold | H96: =INDEX(Sheet2!B:B,MATCH(C96,Sheet2!A:A,0),1) -> 3725 | I96: =3-COUNTBLANK(D96:F96) -> 0 | J96: =IF(I96>=2,H96,0) -> 0
A97: CHASE COUNTY JAIL | B97: Santa Ana DRO Hold Room | C97: SAAHOLD | G97: {=_xlfn.IFS( ISNUMBER(SEARCH("hold",C97)),"hold", ISNUMBER(SEARCH("youth",C97)),"youth", ISNUMBER(SEARCH("juve",C97)),"youth", OR(ISNUMBER(SEARCH("health",B97)),ISNUMBER(SEARCH("care ",B97)),ISNUMBER(SEARCH("psych",B97)),ISNUMBER(SEARCH("medical",B97)),ISNUMBER(SEARCH("hospital",B97))),"medical", ISNUMBER(SEARCH("correct",B97)),"correctional", ISNUMBER(SEARCH("process",B97)),"processing", ISNUMBER(SEARCH("detention center",B97)),"detention", ISNUMBER(SEARCH("detention fac",B97)),"detention", ISNUMBER(SEARCH("staging",B97)),"staging", ISNUMBER(SEARCH("prison",B97)),"prison", ISNUMBER(SEARCH("penet",B97)),"prison", ISNUMBER(SEARCH("jail",B97)),"jail", ISNUMBER(SEARCH("detention",B97)),"detention", ISNUMBER(SEARCH("sheriff",B97)),"sheriff/police", ISNUMBER(SEARCH("police",B97)),"sheriff/police", TRUE,"" )} -> hold | H97: =INDEX(Sheet2!B:B,MATCH(C97,Sheet2!A:A,0),1) -> 3724 | I97: =3-COUNTBLANK(D97:F97) -> 0 | J97: =IF(I97>=2,H97,0) -> 0
A98: CHATTANOOGA HOLD ROOM | B98: Cibola County Correctional Center | C98: CIBOCNM | D98: NM | F98: Cibola | G98: {=_xlfn.IFS( ISNUMBER(SEARCH("hold",C98)),"hold", ISNUMBER(SEARCH("youth",C98)),"youth", ISNUMBER(SEARCH("juve",C98)),"youth", OR(ISNUMBER(SEARCH("health",B98)),ISNUMBER(SEARCH("care ",B98)),ISNUMBER(SEARCH("psych",B98)),ISNUMBER(SEARCH("medical",B98)),ISNUMBER(SEARCH("hospital",B98))),"medical", ISNUMBER(SEARCH("correct",B98)),"correctional", ISNUMBER(SEARCH("process",B98)),"processing", ISNUMBER(SEARCH("detention center",B98)),"detention", ISNUMBER(SEARCH("detention fac",B98)),"detention", ISNUMBER(SEARCH("staging",B98)),"staging", ISNUMBER(SEARCH("prison",B98)),"prison", ISNUMBER(SEARCH("penet",B98)),"prison", ISNUMBER(SEARCH("jail",B98)),"jail", ISNUMBER(SEARCH("detention",B98)),"detention", ISNUMBER(SEARCH("sheriff",B98)),"sheriff/police", ISNUMBER(SEARCH("police",B98)),"sheriff/police", TRUE,"" )} -> correctional | H98: =INDEX(Sheet2!B:B,MATCH(C98,Sheet2!A:A,0),1) -> 3685 | I98: =3-COUNTBLANK(D98:F98) -> 2 | J98: =IF(I98>=2,H98,0) -> 3685
A99: MIDLAND MEMORIAL HOSPITAL | B99: Nashville Comm. Correction | C99: BOPCNV | D99: NV | G99: {=_xlfn.IFS( ISNUMBER(SEARCH("hold",C99)),"hold", ISNUMBER(SEARCH("youth",C99)),"youth", ISNUMBER(SEARCH("juve",C99)),"youth", OR(ISNUMBER(SEARCH("health",B99)),ISNUMBER(SEARCH("care ",B99)),ISNUMBER(SEARCH("psych",B99)),ISNUMBER(SEARCH("medical",B99)),ISNUMBER(SEARCH("hospital",B99))),"medical", ISNUMBER(SEARCH("correct",B99)),"correctional", ISNUMBER(SEARCH("process",B99)),"processing", ISNUMBER(SEARCH("detention center",B99)),"detention", ISNUMBER(SEARCH("detention fac",B99)),"detention", ISNUMBER(SEARCH("staging",B99)),"staging", ISNUMBER(SEARCH("prison",B99)),"prison", ISNUMBER(SEARCH("penet",B99)),"prison", ISNUMBER(SEARCH("jail",B99)),"jail", ISNUMBER(SEARCH("detention",B99)),"detention", ISNUMBER(SEARCH("sheriff",B99)),"sheriff/police", ISNUMBER(SEARCH("police",B99)),"sheriff/police", TRUE,"" )} -> correctional | H99: =INDEX(Sheet2!B:B,MATCH(C99,Sheet2!A:A,0),1) -> 120 | I99: =3-COUNTBLANK(D99:F99) -> 1 | J99: =IF(I99>=2,H99,0) -> 0
A100: CHESAPEAKE CITY JAIL | B100: Ursula Centralized Processing Center | C100: URSLATX | D100: TX | G100: {=_xlfn.IFS( ISNUMBER(SEARCH("hold",C100)),"hold", ISNUMBER(SEARCH("youth",C100)),"youth", ISNUMBER(SEARCH("juve",C100)),"youth", OR(ISNUMBER(SEARCH("health",B100)),ISNUMBER(SEARCH("care ",B100)),ISNUMBER(SEARCH("psych",B100)),ISNUMBER(SEARCH("medical",B100)),ISNUMBER(SEARCH("hospital",B100))),"medical", ISNUMBER(SEARCH("correct",B100)),"correctional", ISNUMBER(SEARCH("process",B100)),"processing", ISNUMBER(SEARCH("detention center",B100)),"detention", ISNUMBER(SEARCH("detention fac",B100)),"detention", ISNUMBER(SEARCH("staging",B100)),"staging", ISNUMBER(SEARCH("prison",B100)),"prison", ISNUMBER(SEARCH("penet",B100)),"prison", ISNUMBER(SEARCH("jail",B100)),"jail", ISNUMBER(SEARCH("detention",B100)),"detention", ISNUMBER(SEARCH("sheriff",B100)),"sheriff/police", ISNUMBER(SEARCH("police",B100)),"sheriff/police", TRUE,"" )} -> processing | H100: =INDEX(Sheet2!B:B,MATCH(C100,Sheet2!A:A,0),1) -> 3485 | I100: =3-COUNTBLANK(D100:F100) -> 1 | J100: =IF(I100>=2,H100,0) -> 0
...

Sheet Sheet2
A1: JENATLA | B1: 84941
A2: PIC | B2: 66973
A3: FSF | B3: 65977
A4: PINEPLA | B4: 35285
A5: MTGPCTX | B5: 32270
A6: EAZ | B6: 28159
A7: CCASDCA | B7: 27619 | F7: Alamosa | G7: CO
A8: STCDFTX | B8: 27318 | F8: Albuquerque | G8: NM
A9: STWRTGA | B9: 26209 | F9: Amarillo | G9: TX
A10: LAWINCI | B10: 25935 | F10: Anchorage | G10: AK
A11: FLO | B11: 25888 | F11: Austin | G11: TX
A12: ADAMSMS | B12: 25721 | F12: Batavia | G12: NY
A13: PRLDCTX | B13: 25666 | F13: Billings | G13: MT
A14: KRO | B14: 25522 | F14: Birmingham | G14: AL
A15: EPC | B15: 22591 | F15: Boise | G15: ID
A16: KRNRCTX | B16: 21935 | F16: Bowling Green | G16: KY
A17: DALHOLD | B17: 21680 | F17: Buffalo | G17: NY
A18: OTRPCNM | B18: 21573 | F18: Cedar Rapids | G18: IA
... A32: STFRCTX | B32: 14912 | F32: Eugene | G32: OR
A33: RWCCMLA | B33: 14662 | F33: Fayetteville | G33: NC *(could also be AR | H33: but ICE usage is NC)*
A34: PHOHOLD | B34: 14656 | F34: Fort Smith | G34: AR
A35: LOSHOLD | B35: 13945 | F35: Frederick | G35: MD
A36: IWAHOLD | B36: 12934 | F36: Fresno | G36: CA
A37: ATLHOLD | B37: 12564 | F37: Glenwood Springs | G37: CO
A38: RGRNDTX | B38: 12550 | F38: Grand Island | G38: NE
A39: BSAHOLD | B39: 12393 | F39: Greer | G39: SC
A40: ELZICDF | B40: 12203 | F40: Guam | G40: GU
A41: NYCHOLD | B41: 12048 | F41: Harrisonburg | G41: VA
A42: FIPCMGA | B42: 11813 | F42: Hendersonville | G42: TN
A43: BTV | B43: 10523 | F43: Houston | G43: TX
A44: CSCNWWA | B44: 10254 | F44: Idaho Falls | G44: ID
A45: MSF | B45: 10230 | F45: Indianapolis | G45: IN
... A67: WEBDCTX | B67: 6566 | F67: Saint Albans | G67: VT
A68: INPHOLD | B68: 6441 | F68: Salisbury | G68: MD *(could be NC | H68: but ICE usage is MD)*
A69: CCAFLAZ | B69: 6356 | F69: San Antonio | G69: TX
A70: RVRCCLA | B70: 6323 | F70: Seattle | G70: WA
A71: PLYMOMA | B71: 6313 | F71: Shreveport | G71: LA
A72: NVSDCNV | B72: 6246 | F72: Sioux City | G72: IA
A73: HCPSCMS | B73: 6188 | F73: Spokane | G73: WA
A74: SPMHOLD | B74: 5868 | F74: Stuart | G74: FL
A75: ADLNTCA | B75: 5782 | F75: Syracuse | G75: NY
A76: SLCHOLD | B76: 5557 | F76: Tallahassee | G76: FL
A77: ALAMCNC | B77: 5347 | F77: Tampa | G77: FL
A78: BOSHOLD | B78: 5250 | F78: Tucson | G78: AZ
A79: BAKERFL | B79: 5023 | F79: Tulsa | G79: OK
A80: PINELFL | B80: 4710 | F80: Wenatchee | G80: WA
... A82: OKCHOLD | B82: 4511 | F82: Yuma | G82: AZ
A83: DHDFNJ | B83: 4475
A84: BALHOLD | B84: 4334
A85: CARDFVA | B85: 4277
A86: MIAHOLD | B86: 4273
A87: ORANGFL | B87: 4092
A88: TULCOOK | B88: 4065
A89: GLDSACA | B89: 3992
A90: CBENDTX | B90: 3945
A91: EDNDCTX | B91: 3826
A92: KNXDFTN | B92: 3785
A93: DALCOTX | B93: 3777
A94: BKLHOLD | B94: 3725
... A852: EDNBGTX | B852: 1
